,Store,StoreType,Assortment,CompetitionDistance,CompetitionOpenSinceMonth,CompetitionOpenSinceYear,Promo2,Promo2SinceWeek,Promo2SinceYear,PromoInterval,CompetitionOpenSince
0,1,c,a,1270.0,9.0,2008.0,0,,,,2008.75
1,2,a,a,570.0,11.0,2007.0,1,13.0,2010.0,"Jan,Apr,Jul,Oct",2007.91666667
2,3,a,a,14130.0,12.0,2006.0,1,14.0,2011.0,"Jan,Apr,Jul,Oct",2007.0
3,4,c,c,620.0,9.0,2009.0,0,,,,2009.75
4,5,a,a,29910.0,4.0,2015.0,0,,,,2015.33333333
5,6,a,a,310.0,12.0,2013.0,0,,,,2014.0
6,7,a,c,24000.0,4.0,2013.0,0,,,,2013.33333333
7,8,a,a,7520.0,10.0,2014.0,0,,,,2014.83333333
8,9,a,c,2030.0,8.0,2000.0,0,,,,2000.66666667
9,10,a,a,3160.0,9.0,2009.0,0,,,,2009.75
10,11,a,c,960.0,11.0,2011.0,1,1.0,2012.0,"Jan,Apr,Jul,Oct",2011.91666667
11,12,a,c,1070.0,7.0,2008.0,1,13.0,2010.0,"Jan,Apr,Jul,Oct",2008.58333333
12,13,d,a,310.0,7.0,2008.0,1,45.0,2009.0,"Feb,May,Aug,Nov",2008.58333333
13,14,a,a,1300.0,3.0,2014.0,1,40.0,2011.0,"Jan,Apr,Jul,Oct",2014.25
14,15,d,c,4110.0,3.0,2010.0,1,14.0,2011.0,"Jan,Apr,Jul,Oct",2010.25
15,16,a,c,3270.0,7.0,2008.0,0,,,,2008.58333333
16,17,a,a,50.0,12.0,2005.0,1,26.0,2010.0,"Jan,Apr,Jul,Oct",2006.0
17,18,d,c,13840.0,6.0,2010.0,1,14.0,2012.0,"Jan,Apr,Jul,Oct",2010.5
18,19,a,c,3240.0,7.0,2008.0,1,22.0,2011.0,"Mar,Jun,Sept,Dec",2008.58333333
19,20,d,a,2340.0,5.0,2009.0,1,40.0,2014.0,"Jan,Apr,Jul,Oct",2009.41666667
20,21,c,c,550.0,10.0,1999.0,1,45.0,2009.0,"Jan,Apr,Jul,Oct",1999.83333333
21,22,a,a,1040.0,7.0,2008.0,1,22.0,2012.0,"Jan,Apr,Jul,Oct",2008.58333333
22,23,d,a,4060.0,8.0,2005.0,0,,,,2005.66666667
23,24,a,c,4590.0,3.0,2000.0,1,40.0,2011.0,"Jan,Apr,Jul,Oct",2000.25
24,25,c,a,430.0,4.0,2003.0,0,,,,2003.33333333
25,26,d,a,2300.0,7.0,2008.0,0,,,,2008.58333333
26,27,a,a,60.0,1.0,2005.0,1,5.0,2011.0,"Jan,Apr,Jul,Oct",2005.08333333
27,28,a,a,1200.0,10.0,2014.0,1,6.0,2015.0,"Mar,Jun,Sept,Dec",2014.83333333
28,29,d,c,2170.0,7.0,2008.0,0,,,,2008.58333333
29,30,a,a,40.0,2.0,2014.0,1,10.0,2014.0,"Mar,Jun,Sept,Dec",2014.16666667
30,31,d,c,9800.0,7.0,2012.0,0,,,,2012.58333333
31,32,a,a,2910.0,7.0,2008.0,1,45.0,2009.0,"Feb,May,Aug,Nov",2008.58333333
32,33,a,c,1320.0,5.0,2013.0,0,,,,2013.41666667
33,34,c,a,2240.0,9.0,2009.0,0,,,,2009.75
34,35,d,c,7660.0,10.0,2000.0,1,1.0,2012.0,"Jan,Apr,Jul,Oct",2000.83333333
35,36,a,c,540.0,6.0,2003.0,1,40.0,2014.0,"Jan,Apr,Jul,Oct",2003.5
36,37,c,a,4230.0,12.0,2014.0,0,,,,2015.0
37,38,d,a,1090.0,4.0,2007.0,0,,,,2007.33333333
38,39,a,a,260.0,10.0,2006.0,1,31.0,2013.0,"Feb,May,Aug,Nov",2006.83333333
39,40,a,a,180.0,7.0,2008.0,1,45.0,2009.0,"Feb,May,Aug,Nov",2008.58333333
40,41,d,c,1180.0,7.0,2008.0,1,31.0,2013.0,"Jan,Apr,Jul,Oct",2008.58333333
41,42,a,c,290.0,7.0,2008.0,1,40.0,2011.0,"Jan,Apr,Jul,Oct",2008.58333333
42,43,d,a,4880.0,7.0,2008.0,1,37.0,2009.0,"Jan,Apr,Jul,Oct",2008.58333333
43,44,a,a,540.0,6.0,2011.0,0,,,,2011.5
44,45,d,a,9710.0,2.0,2014.0,0,,,,2014.16666667
45,46,c,a,1200.0,9.0,2005.0,1,14.0,2011.0,"Jan,Apr,Jul,Oct",2005.75
46,47,a,c,270.0,4.0,2013.0,1,14.0,2013.0,"Jan,Apr,Jul,Oct",2013.33333333
47,48,a,a,1060.0,5.0,2012.0,0,,,,2012.41666667
48,49,d,c,18010.0,9.0,2007.0,0,,,,2007.75
49,50,d,a,6260.0,11.0,2009.0,0,,,,2009.91666667
50,51,a,c,10570.0,7.0,2013.0,1,9.0,2011.0,"Jan,Apr,Jul,Oct",2013.58333333
51,52,d,c,450.0,4.0,2014.0,1,39.0,2010.0,"Jan,Apr,Jul,Oct",2014.33333333
52,53,a,c,30360.0,9.0,2013.0,0,,,,2013.75
53,54,d,c,7170.0,8.0,2014.0,1,5.0,2013.0,"Feb,May,Aug,Nov",2014.66666667
54,55,a,a,720.0,11.0,2004.0,0,,,,2004.91666667
55,56,d,c,6620.0,3.0,2012.0,1,10.0,2014.0,"Mar,Jun,Sept,Dec",2012.25
56,57,d,c,420.0,6.0,2014.0,0,,,,2014.5
57,58,a,c,7340.0,5.0,2008.0,1,27.0,2012.0,"Jan,Apr,Jul,Oct",2008.41666667
58,59,a,c,2840.0,6.0,2007.0,1,14.0,2011.0,"Jan,Apr,Jul,Oct",2007.5
59,60,d,c,5540.0,10.0,2009.0,0,,,,2009.83333333
60,61,a,c,350.0,12.0,2007.0,1,1.0,2012.0,"Jan,Apr,Jul,Oct",2008.0
61,62,a,a,2050.0,7.0,2008.0,0,,,,2008.58333333
62,63,c,c,3700.0,6.0,2010.0,1,18.0,2010.0,"Feb,May,Aug,Nov",2010.5
63,64,d,c,22560.0,7.0,2008.0,1,14.0,2013.0,"Jan,Apr,Jul,Oct",2008.58333333
64,65,a,c,13840.0,5.0,2010.0,1,1.0,2012.0,"Jan,Apr,Jul,Oct",2010.41666667
65,66,d,a,7660.0,7.0,2008.0,1,37.0,2009.0,"Jan,Apr,Jul,Oct",2008.58333333
66,67,a,c,410.0,2.0,2006.0,0,,,,2006.16666667
67,68,a,c,250.0,7.0,2008.0,1,35.0,2012.0,"Mar,Jun,Sept,Dec",2008.58333333
68,69,c,c,1130.0,7.0,2008.0,1,40.0,2011.0,"Jan,Apr,Jul,Oct",2008.58333333
69,70,c,c,4840.0,7.0,2008.0,0,,,,2008.58333333
70,71,a,a,17500.0,8.0,2008.0,1,37.0,2009.0,"Mar,Jun,Sept,Dec",2008.66666667
71,72,a,a,2200.0,12.0,2009.0,1,13.0,2010.0,"Jan,Apr,Jul,Oct",2010.0
72,73,a,c,1650.0,9.0,2008.0,0,,,,2008.75
73,74,a,a,330.0,7.0,2008.0,0,,,,2008.58333333
74,75,d,c,22440.0,12.0,2013.0,0,,,,2014.0
75,76,d,c,19960.0,3.0,2006.0,0,,,,2006.25
76,77,d,c,1090.0,8.0,2009.0,1,10.0,2014.0,"Jan,Apr,Jul,Oct",2009.66666667
77,78,a,a,3510.0,11.0,2006.0,1,5.0,2013.0,"Feb,May,Aug,Nov",2006.91666667
78,79,a,a,3320.0,7.0,2008.0,0,,,,2008.58333333
79,80,d,a,7910.0,7.0,2008.0,0,,,,2008.58333333
80,81,a,a,2370.0,3.0,2011.0,1,40.0,2014.0,"Jan,Apr,Jul,Oct",2011.25
81,82,a,a,22390.0,4.0,2008.0,1,37.0,2009.0,"Jan,Apr,Jul,Oct",2008.33333333
82,83,a,a,2710.0,7.0,2008.0,0,,,,2008.58333333
83,84,a,c,11810.0,8.0,2014.0,0,,,,2014.66666667
84,85,b,a,1870.0,10.0,2011.0,0,,,,2011.83333333
85,86,a,a,480.0,2.0,2005.0,1,31.0,2013.0,"Jan,Apr,Jul,Oct",2005.16666667
86,87,a,a,560.0,12.0,2010.0,0,,,,2011.0
87,88,a,a,10690.0,10.0,2005.0,0,,,,2005.83333333
88,89,a,a,2380.0,7.0,2004.0,1,40.0,2014.0,"Jan,Apr,Jul,Oct",2004.58333333
89,90,a,a,330.0,11.0,2007.0,0,,,,2007.91666667
90,91,c,a,2410.0,7.0,2008.0,1,35.0,2011.0,"Jan,Apr,Jul,Oct",2008.58333333
91,92,c,a,240.0,7.0,2008.0,1,45.0,2009.0,"Feb,May,Aug,Nov",2008.58333333
92,93,a,a,16690.0,7.0,2008.0,1,14.0,2011.0,"Jan,Apr,Jul,Oct",2008.58333333
93,94,d,c,14620.0,7.0,2008.0,0,,,,2008.58333333
94,95,a,a,1890.0,10.0,2014.0,0,,,,2014.83333333
95,96,a,a,8780.0,2.0,2005.0,1,37.0,2009.0,"Jan,Apr,Jul,Oct",2005.16666667
96,97,d,c,8980.0,7.0,2008.0,0,,,,2008.58333333
97,98,d,c,15140.0,12.0,2006.0,1,1.0,2012.0,"Jan,Apr,Jul,Oct",2007.0
98,99,c,c,2030.0,11.0,2003.0,1,22.0,2012.0,"Mar,Jun,Sept,Dec",2003.91666667
99,100,d,a,17930.0,7.0,2008.0,0,,,,2008.58333333
100,101,d,c,2440.0,7.0,2008.0,1,22.0,2012.0,"Mar,Jun,Sept,Dec",2008.58333333
101,102,a,a,150.0,12.0,2007.0,1,10.0,2014.0,"Mar,Jun,Sept,Dec",2008.0
102,103,d,c,5210.0,5.0,2015.0,0,,,,2015.41666667
103,104,a,a,390.0,6.0,2009.0,0,,,,2009.5
104,105,a,c,6190.0,7.0,2008.0,1,23.0,2013.0,"Mar,Jun,Sept,Dec",2008.58333333
105,106,a,a,1390.0,8.0,2013.0,0,,,,2013.66666667
106,107,a,a,1930.0,9.0,2009.0,0,,,,2009.75
107,108,d,c,2190.0,9.0,2003.0,0,,,,2003.75
108,109,a,c,3300.0,11.0,2010.0,0,,,,2010.91666667
109,110,a,c,46590.0,4.0,2013.0,0,,,,2013.33333333
110,111,d,c,7890.0,7.0,2008.0,1,37.0,2009.0,"Jan,Apr,Jul,Oct",2008.58333333
111,112,a,a,1630.0,9.0,2009.0,0,,,,2009.75
112,113,d,c,20930.0,11.0,1999.0,0,,,,1999.91666667
113,114,c,a,4510.0,7.0,2008.0,1,48.0,2011.0,"Mar,Jun,Sept,Dec",2008.58333333
114,115,d,c,5740.0,4.0,2007.0,1,40.0,2014.0,"Jan,Apr,Jul,Oct",2007.33333333
115,116,a,a,680.0,4.0,2013.0,0,,,,2013.33333333
116,117,a,a,3450.0,9.0,2011.0,0,,,,2011.75
117,118,d,c,3580.0,9.0,2012.0,0,,,,2012.75
118,119,a,c,2100.0,2.0,2010.0,0,,,,2010.16666667
119,120,d,a,2290.0,12.0,2014.0,1,37.0,2009.0,"Jan,Apr,Jul,Oct",2015.0
120,121,a,a,3570.0,11.0,2009.0,1,36.0,2013.0,"Mar,Jun,Sept,Dec",2009.91666667
121,122,a,c,58260.0,4.0,2013.0,0,,,,2013.33333333
122,123,a,a,16760.0,9.0,2011.0,0,,,,2011.75
123,124,a,a,1410.0,4.0,2003.0,0,,,,2003.33333333
124,125,a,a,760.0,12.0,2005.0,0,,,,2006.0
125,126,d,a,3370.0,10.0,2014.0,1,18.0,2011.0,"Feb,May,Aug,Nov",2014.83333333
126,127,d,a,1350.0,12.0,2005.0,1,13.0,2010.0,"Jan,Apr,Jul,Oct",2006.0
127,128,d,c,2000.0,7.0,2008.0,1,1.0,2013.0,"Jan,Apr,Jul,Oct",2008.58333333
128,129,a,a,2460.0,7.0,2008.0,1,14.0,2011.0,"Jan,Apr,Jul,Oct",2008.58333333
129,130,c,a,900.0,7.0,2008.0,1,13.0,2010.0,"Jan,Apr,Jul,Oct",2008.58333333
130,131,c,a,920.0,7.0,2015.0,0,,,,2015.58333333
131,132,d,c,1040.0,7.0,2008.0,1,27.0,2012.0,"Jan,Apr,Jul,Oct",2008.58333333
132,133,a,a,270.0,8.0,2013.0,1,10.0,2014.0,"Mar,Jun,Sept,Dec",2013.66666667
133,134,a,a,1200.0,9.0,2008.0,0,,,,2008.75
134,135,d,a,5190.0,7.0,2008.0,1,1.0,2013.0,"Jan,Apr,Jul,Oct",2008.58333333
135,136,a,c,2200.0,12.0,2010.0,1,22.0,2012.0,"Feb,May,Aug,Nov",2011.0
136,137,a,a,1730.0,7.0,2015.0,1,40.0,2014.0,"Jan,Apr,Jul,Oct",2015.58333333
137,138,a,c,25360.0,10.0,2014.0,0,,,,2014.83333333
138,139,a,a,1700.0,1.0,2008.0,1,14.0,2011.0,"Jan,Apr,Jul,Oct",2008.08333333
139,140,a,c,1090.0,7.0,2010.0,1,1.0,2013.0,"Jan,Apr,Jul,Oct",2010.58333333
140,141,c,c,1540.0,7.0,2008.0,1,22.0,2012.0,"Mar,Jun,Sept,Dec",2008.58333333
141,142,a,a,1090.0,7.0,2002.0,0,,,,2002.58333333
142,143,d,a,2930.0,12.0,2002.0,0,,,,2003.0
143,144,a,c,16570.0,7.0,2008.0,0,,,,2008.58333333
144,145,a,a,280.0,7.0,2008.0,1,45.0,2009.0,"Feb,May,Aug,Nov",2008.58333333
145,146,d,c,8050.0,10.0,1961.0,1,48.0,2012.0,"Jan,Apr,Jul,Oct",1961.83333333
146,147,d,c,8540.0,7.0,2008.0,0,,,,2008.58333333
147,148,a,a,2090.0,12.0,2008.0,0,,,,2009.0
148,149,d,a,2610.0,7.0,2006.0,1,14.0,2011.0,"Jan,Apr,Jul,Oct",2006.58333333
149,150,c,c,31830.0,3.0,2010.0,0,,,,2010.25
150,151,d,c,4360.0,10.0,2005.0,0,,,,2005.83333333
151,152,a,a,1780.0,7.0,2008.0,0,,,,2008.58333333
152,153,a,a,16240.0,10.0,2000.0,1,18.0,2011.0,"Feb,May,Aug,Nov",2000.83333333
153,154,d,c,16420.0,7.0,2008.0,0,,,,2008.58333333
154,155,d,a,3050.0,7.0,2008.0,1,35.0,2010.0,"Jan,Apr,Jul,Oct",2008.58333333
155,156,a,a,2020.0,2.0,2011.0,1,14.0,2011.0,"Mar,Jun,Sept,Dec",2011.16666667
156,157,a,c,2950.0,10.0,2004.0,0,,,,2004.83333333
157,158,d,c,11840.0,7.0,2008.0,1,31.0,2009.0,"Feb,May,Aug,Nov",2008.58333333
158,159,d,a,8530.0,3.0,2013.0,0,,,,2013.25
159,160,d,c,17110.0,11.0,2005.0,0,,,,2005.91666667
160,161,a,c,2970.0,3.0,2005.0,0,,,,2005.25
161,162,d,c,5340.0,3.0,2012.0,1,13.0,2010.0,"Jan,Apr,Jul,Oct",2012.25
162,163,a,a,1480.0,4.0,2009.0,0,,,,2009.33333333
163,164,a,a,1160.0,9.0,2005.0,1,13.0,2010.0,"Jan,Apr,Jul,Oct",2005.75
164,165,a,a,3720.0,4.0,2005.0,1,13.0,2010.0,"Jan,Apr,Jul,Oct",2005.33333333
165,166,a,c,100.0,4.0,2014.0,1,31.0,2013.0,"Jan,Apr,Jul,Oct",2014.33333333
166,167,a,a,140.0,4.0,2008.0,0,,,,2008.33333333
167,168,a,a,12540.0,7.0,2008.0,0,,,,2008.58333333
168,169,d,a,980.0,7.0,2014.0,1,18.0,2014.0,"Feb,May,Aug,Nov",2014.58333333
169,170,a,a,1070.0,5.0,2015.0,1,14.0,2011.0,"Jan,Apr,Jul,Oct",2015.41666667
170,171,a,a,2640.0,7.0,2008.0,0,,,,2008.58333333
171,172,a,a,110.0,7.0,2008.0,1,40.0,2014.0,"Jan,Apr,Jul,Oct",2008.58333333
172,173,a,a,350.0,12.0,2012.0,0,,,,2013.0
173,174,a,a,13090.0,7.0,2008.0,1,22.0,2012.0,"Jan,Apr,Jul,Oct",2008.58333333
174,175,c,a,4130.0,7.0,2008.0,0,,,,2008.58333333
175,176,a,a,3770.0,7.0,2008.0,0,,,,2008.58333333
176,177,a,a,1250.0,2.0,2004.0,1,5.0,2013.0,"Feb,May,Aug,Nov",2004.16666667
177,178,d,a,1710.0,7.0,2008.0,0,,,,2008.58333333
178,179,a,c,480.0,7.0,2008.0,0,,,,2008.58333333
179,180,d,a,5800.0,9.0,2010.0,0,,,,2010.75
180,181,a,a,12610.0,3.0,2013.0,1,14.0,2011.0,"Jan,Apr,Jul,Oct",2013.25
181,182,d,c,1390.0,7.0,2008.0,1,9.0,2011.0,"Mar,Jun,Sept,Dec",2008.58333333
182,183,a,a,9670.0,7.0,2008.0,0,,,,2008.58333333
183,184,d,c,3560.0,7.0,2008.0,0,,,,2008.58333333
184,185,d,c,1860.0,5.0,2015.0,0,,,,2015.41666667
185,186,a,a,290.0,10.0,2011.0,1,40.0,2014.0,"Jan,Apr,Jul,Oct",2011.83333333
186,187,a,c,19360.0,7.0,2008.0,0,,,,2008.58333333
187,188,d,a,850.0,7.0,2008.0,1,18.0,2011.0,"Feb,May,Aug,Nov",2008.58333333
188,189,d,a,5760.0,7.0,2014.0,0,,,,2014.58333333
189,190,a,a,1470.0,12.0,2006.0,1,40.0,2014.0,"Jan,Apr,Jul,Oct",2007.0
190,191,a,a,1100.0,8.0,2013.0,1,40.0,2014.0,"Jan,Apr,Jul,Oct",2013.66666667
191,192,d,c,2770.0,3.0,2008.0,1,40.0,2014.0,"Jan,Apr,Jul,Oct",2008.25
192,193,a,a,520.0,7.0,2008.0,0,,,,2008.58333333
193,194,d,c,16970.0,7.0,2008.0,1,5.0,2013.0,"Feb,May,Aug,Nov",2008.58333333
194,195,a,c,220.0,7.0,2008.0,0,,,,2008.58333333
195,196,c,a,3850.0,11.0,2005.0,1,14.0,2011.0,"Jan,Apr,Jul,Oct",2005.91666667
196,197,c,a,4210.0,3.0,2015.0,0,,,,2015.25
197,198,a,a,290.0,9.0,2002.0,1,13.0,2010.0,"Jan,Apr,Jul,Oct",2002.75
198,199,d,c,6360.0,12.0,2010.0,1,14.0,2012.0,"Mar,Jun,Sept,Dec",2011.0
199,200,a,a,1650.0,10.0,2000.0,0,,,,2000.83333333
200,201,d,a,20260.0,7.0,2008.0,1,18.0,2014.0,"Mar,Jun,Sept,Dec",2008.58333333
201,202,d,c,5140.0,5.0,2010.0,0,,,,2010.41666667
202,203,c,c,490.0,11.0,2002.0,0,,,,2002.91666667
203,204,a,a,5630.0,12.0,2002.0,1,40.0,2014.0,"Jan,Apr,Jul,Oct",2003.0
204,205,a,a,110.0,12.0,2007.0,0,,,,2008.0
205,206,a,c,380.0,7.0,2008.0,1,14.0,2012.0,"Jan,Apr,Jul,Oct",2008.58333333
206,207,a,a,6870.0,7.0,2008.0,0,,,,2008.58333333
207,208,c,a,300.0,4.0,2006.0,0,,,,2006.33333333
208,209,a,c,11680.0,9.0,2011.0,1,31.0,2013.0,"Jan,Apr,Jul,Oct",2011.75
209,210,d,a,970.0,11.0,1999.0,1,5.0,2013.0,"Feb,May,Aug,Nov",1999.91666667
210,211,a,c,350.0,11.0,2006.0,0,,,,2006.91666667
211,212,a,c,15050.0,9.0,2008.0,0,,,,2008.75
212,213,d,c,4030.0,3.0,2014.0,1,1.0,2014.0,"Jan,Apr,Jul,Oct",2014.25
213,214,d,a,8650.0,7.0,2013.0,1,10.0,2014.0,"Jan,Apr,Jul,Oct",2013.58333333
214,215,d,a,150.0,7.0,2008.0,1,45.0,2009.0,"Feb,May,Aug,Nov",2008.58333333
215,216,c,a,190.0,7.0,2008.0,1,45.0,2009.0,"Feb,May,Aug,Nov",2008.58333333
216,217,c,a,3150.0,7.0,2008.0,0,,,,2008.58333333
217,218,a,c,640.0,7.0,2008.0,1,9.0,2011.0,"Mar,Jun,Sept,Dec",2008.58333333
218,219,a,a,1640.0,2.0,2013.0,0,,,,2013.16666667
219,220,a,a,1000.0,9.0,2008.0,0,,,,2008.75
220,221,d,c,13530.0,9.0,2013.0,0,,,,2013.75
221,222,a,a,2170.0,11.0,2008.0,0,,,,2008.91666667
222,223,d,c,2920.0,10.0,1995.0,1,27.0,2011.0,"Jan,Apr,Jul,Oct",1995.83333333
223,224,d,c,7930.0,7.0,2008.0,1,1.0,2013.0,"Jan,Apr,Jul,Oct",2008.58333333
224,225,d,a,10180.0,5.0,2015.0,0,,,,2015.41666667
225,226,a,a,450.0,7.0,2008.0,0,,,,2008.58333333
226,227,a,a,2370.0,7.0,2008.0,0,,,,2008.58333333
227,228,d,c,10800.0,7.0,2008.0,1,18.0,2011.0,"Feb,May,Aug,Nov",2008.58333333
228,229,d,c,17410.0,4.0,2007.0,1,14.0,2011.0,"Jan,Apr,Jul,Oct",2007.33333333
229,230,d,c,6680.0,9.0,2013.0,0,,,,2013.75
230,231,d,c,3840.0,10.0,2008.0,1,39.0,2010.0,"Feb,May,Aug,Nov",2008.83333333
231,232,c,c,13570.0,5.0,2010.0,1,10.0,2013.0,"Mar,Jun,Sept,Dec",2010.41666667
232,233,a,a,1890.0,7.0,2008.0,0,,,,2008.58333333
233,234,d,a,4370.0,7.0,2008.0,0,,,,2008.58333333
234,235,a,a,5710.0,3.0,2012.0,1,37.0,2009.0,"Jan,Apr,Jul,Oct",2012.25
235,236,a,a,1000.0,11.0,2007.0,0,,,,2007.91666667
236,237,a,a,1420.0,11.0,2007.0,0,,,,2007.91666667
237,238,a,a,320.0,7.0,2008.0,1,45.0,2009.0,"Feb,May,Aug,Nov",2008.58333333
238,239,d,c,610.0,7.0,2008.0,0,,,,2008.58333333
239,240,a,a,1110.0,5.0,2009.0,0,,,,2009.41666667
240,241,d,c,780.0,7.0,2008.0,0,,,,2008.58333333
241,242,d,a,6880.0,9.0,2001.0,1,14.0,2011.0,"Jan,Apr,Jul,Oct",2001.75
242,243,a,a,310.0,7.0,2008.0,1,5.0,2013.0,"Feb,May,Aug,Nov",2008.58333333
243,244,d,a,710.0,3.0,2012.0,1,1.0,2012.0,"Jan,Apr,Jul,Oct",2012.25
244,245,a,c,1310.0,7.0,2008.0,0,,,,2008.58333333
245,246,c,a,4660.0,4.0,2013.0,0,,,,2013.33333333
246,247,d,c,70.0,11.0,2010.0,1,5.0,2013.0,"Feb,May,Aug,Nov",2010.91666667
247,248,a,c,340.0,9.0,2012.0,1,40.0,2012.0,"Jan,Apr,Jul,Oct",2012.75
248,249,d,c,18010.0,9.0,2014.0,0,,,,2014.75
249,250,d,a,3520.0,7.0,2008.0,1,18.0,2012.0,"Feb,May,Aug,Nov",2008.58333333
250,251,a,c,340.0,7.0,2008.0,0,,,,2008.58333333
251,252,d,c,22330.0,7.0,2008.0,1,5.0,2010.0,"Feb,May,Aug,Nov",2008.58333333
252,253,a,c,250.0,7.0,2008.0,1,5.0,2013.0,"Feb,May,Aug,Nov",2008.58333333
253,254,d,a,330.0,3.0,2008.0,1,1.0,2012.0,"Mar,Jun,Sept,Dec",2008.25
254,255,c,c,4630.0,3.0,2011.0,1,35.0,2011.0,"Feb,May,Aug,Nov",2011.25
255,256,a,c,80.0,9.0,2005.0,1,10.0,2014.0,"Mar,Jun,Sept,Dec",2005.75
256,257,a,a,420.0,12.0,2012.0,0,,,,2013.0
257,258,a,a,27190.0,7.0,2010.0,1,37.0,2009.0,"Jan,Apr,Jul,Oct",2010.58333333
258,259,b,b,210.0,7.0,2008.0,0,,,,2008.58333333
259,260,a,a,540.0,10.0,2011.0,0,,,,2011.83333333
260,261,d,c,15340.0,4.0,2015.0,1,39.0,2009.0,"Jan,Apr,Jul,Oct",2015.33333333
261,262,b,a,1180.0,5.0,2013.0,0,,,,2013.41666667
262,263,a,c,1140.0,5.0,2013.0,1,40.0,2014.0,"Jan,Apr,Jul,Oct",2013.41666667
263,264,a,a,180.0,3.0,2014.0,0,,,,2014.25
264,265,a,a,4580.0,7.0,2008.0,1,14.0,2015.0,"Jan,Apr,Jul,Oct",2008.58333333
265,266,a,c,360.0,3.0,2014.0,1,9.0,2011.0,"Mar,Jun,Sept,Dec",2014.25
266,267,c,a,2460.0,1.0,2012.0,0,,,,2012.08333333
267,268,a,a,4520.0,2.0,2014.0,0,,,,2014.16666667
268,269,a,c,60.0,6.0,2015.0,0,,,,2015.5
269,270,a,a,1450.0,7.0,2014.0,0,,,,2014.58333333
270,271,a,a,420.0,7.0,2008.0,1,14.0,2011.0,"Jan,Apr,Jul,Oct",2008.58333333
271,272,a,a,16180.0,7.0,2003.0,1,14.0,2011.0,"Jan,Apr,Jul,Oct",2003.58333333
272,273,a,c,8480.0,7.0,2008.0,0,,,,2008.58333333
273,274,b,b,3640.0,7.0,2008.0,1,10.0,2013.0,"Jan,Apr,Jul,Oct",2008.58333333
274,275,d,a,300.0,5.0,2014.0,1,40.0,2014.0,"Jan,Apr,Jul,Oct",2014.41666667
275,276,a,a,2960.0,10.0,2014.0,1,36.0,2013.0,"Mar,Jun,Sept,Dec",2014.83333333
276,277,d,c,7840.0,7.0,2008.0,1,31.0,2009.0,"Feb,May,Aug,Nov",2008.58333333
277,278,a,c,9260.0,2.0,2010.0,0,,,,2010.16666667
278,279,d,c,2320.0,7.0,2008.0,1,40.0,2012.0,"Jan,Apr,Jul,Oct",2008.58333333
279,280,d,c,18640.0,9.0,2013.0,1,10.0,2014.0,"Mar,Jun,Sept,Dec",2013.75
280,281,d,c,6970.0,9.0,2011.0,0,,,,2011.75
281,282,a,a,1220.0,12.0,2010.0,0,,,,2011.0
282,283,a,a,2260.0,7.0,2008.0,1,40.0,2014.0,"Jan,Apr,Jul,Oct",2008.58333333
283,284,d,a,1290.0,7.0,2008.0,1,40.0,2014.0,"Jan,Apr,Jul,Oct",2008.58333333
284,285,a,a,2410.0,7.0,2008.0,0,,,,2008.58333333
285,286,a,a,1460.0,4.0,2015.0,0,,,,2015.33333333
286,287,c,a,2740.0,5.0,2009.0,1,40.0,2014.0,"Jan,Apr,Jul,Oct",2009.41666667
287,288,d,a,800.0,7.0,2008.0,1,14.0,2011.0,"Mar,Jun,Sept,Dec",2008.58333333
288,289,d,a,6540.0,12.0,2007.0,0,,,,2008.0
289,290,a,a,4150.0,5.0,2001.0,0,,,,2001.41666667
290,291,d,a,,7.0,2008.0,0,,,,2008.58333333
291,292,a,a,1100.0,6.0,2009.0,0,,,,2009.5
292,293,c,c,140.0,11.0,2007.0,0,,,,2007.91666667
293,294,a,a,3150.0,5.0,2005.0,0,,,,2005.41666667
294,295,a,a,210.0,11.0,2000.0,1,36.0,2013.0,"Mar,Jun,Sept,Dec",2000.91666667
295,296,a,a,9580.0,5.0,2007.0,1,45.0,2014.0,"Feb,May,Aug,Nov",2007.41666667
296,297,a,a,2300.0,9.0,2010.0,0,,,,2010.75
297,298,d,a,19840.0,7.0,2009.0,0,,,,2009.58333333
298,299,d,c,38630.0,9.0,2012.0,0,,,,2012.75
299,300,a,c,120.0,4.0,2009.0,1,1.0,2012.0,"Jan,Apr,Jul,Oct",2009.33333333
300,301,a,c,4510.0,3.0,2015.0,0,,,,2015.25
301,302,d,c,2190.0,12.0,2007.0,1,9.0,2011.0,"Mar,Jun,Sept,Dec",2008.0
302,303,a,a,15430.0,11.0,2012.0,1,18.0,2011.0,"Feb,May,Aug,Nov",2012.91666667
303,304,a,a,1950.0,7.0,2015.0,0,,,,2015.58333333
304,305,c,c,2470.0,2.0,2005.0,1,31.0,2013.0,"Mar,Jun,Sept,Dec",2005.16666667
305,306,a,a,5100.0,4.0,2007.0,1,40.0,2014.0,"Jan,Apr,Jul,Oct",2007.33333333
306,307,a,a,18660.0,9.0,2002.0,0,,,,2002.75
307,308,a,a,1070.0,12.0,2006.0,1,13.0,2010.0,"Jan,Apr,Jul,Oct",2007.0
308,309,d,a,8740.0,7.0,2008.0,1,37.0,2009.0,"Feb,May,Aug,Nov",2008.58333333
309,310,a,c,2290.0,7.0,2008.0,1,10.0,2014.0,"Mar,Jun,Sept,Dec",2008.58333333
310,311,a,c,680.0,7.0,2005.0,0,,,,2005.58333333
311,312,d,a,11300.0,3.0,2012.0,0,,,,2012.25
312,313,d,c,14160.0,7.0,2008.0,0,,,,2008.58333333
313,314,a,a,3560.0,10.0,2001.0,1,31.0,2013.0,"Feb,May,Aug,Nov",2001.83333333
314,315,a,c,38710.0,4.0,2013.0,0,,,,2013.33333333
315,316,d,a,9000.0,8.0,2001.0,0,,,,2001.66666667
316,317,d,a,3140.0,7.0,2013.0,1,14.0,2011.0,"Jan,Apr,Jul,Oct",2013.58333333
317,318,d,c,32330.0,3.0,2014.0,0,,,,2014.25
318,319,a,c,570.0,9.0,2012.0,1,27.0,2012.0,"Mar,Jun,Sept,Dec",2012.75
319,320,a,c,210.0,9.0,2012.0,0,,,,2012.75
320,321,c,c,8140.0,11.0,2013.0,1,10.0,2014.0,"Mar,Jun,Sept,Dec",2013.91666667
321,322,a,a,17500.0,4.0,2001.0,1,37.0,2009.0,"Jan,Apr,Jul,Oct",2001.33333333
322,323,d,c,8400.0,4.0,2012.0,1,5.0,2013.0,"Feb,May,Aug,Nov",2012.33333333
323,324,a,a,13140.0,7.0,2008.0,1,14.0,2011.0,"Jan,Apr,Jul,Oct",2008.58333333
324,325,a,c,350.0,3.0,2011.0,1,22.0,2011.0,"Feb,May,Aug,Nov",2011.25
325,326,d,a,10070.0,5.0,2015.0,1,31.0,2013.0,"Feb,May,Aug,Nov",2015.41666667
326,327,c,c,1390.0,12.0,2004.0,0,,,,2005.0
327,328,a,a,3130.0,7.0,2002.0,0,,,,2002.58333333
328,329,a,a,1310.0,6.0,1990.0,1,22.0,2012.0,"Mar,Jun,Sept,Dec",1990.5
329,330,a,c,370.0,7.0,2008.0,1,22.0,2012.0,"Mar,Jun,Sept,Dec",2008.58333333
330,331,a,c,670.0,7.0,2008.0,1,14.0,2015.0,"Jan,Apr,Jul,Oct",2008.58333333
331,332,a,a,1840.0,3.0,2006.0,0,,,,2006.25
332,333,a,c,3720.0,2.0,2010.0,0,,,,2010.16666667
333,334,d,c,4040.0,8.0,2008.0,1,18.0,2013.0,"Mar,Jun,Sept,Dec",2008.66666667
334,335,b,a,90.0,7.0,2008.0,1,31.0,2013.0,"Jan,Apr,Jul,Oct",2008.58333333
335,336,a,a,190.0,7.0,2014.0,0,,,,2014.58333333
336,337,d,c,10600.0,7.0,2005.0,1,45.0,2014.0,"Feb,May,Aug,Nov",2005.58333333
337,338,a,c,1590.0,7.0,2008.0,1,37.0,2009.0,"Jan,Apr,Jul,Oct",2008.58333333
338,339,a,c,2280.0,7.0,2008.0,1,10.0,2013.0,"Mar,Jun,Sept,Dec",2008.58333333
339,340,a,c,8080.0,7.0,2008.0,0,,,,2008.58333333
340,341,a,a,190.0,9.0,2011.0,0,,,,2011.75
341,342,d,c,15770.0,7.0,2008.0,1,40.0,2014.0,"Jan,Apr,Jul,Oct",2008.58333333
342,343,d,a,18650.0,4.0,2004.0,1,14.0,2014.0,"Jan,Apr,Jul,Oct",2004.33333333
343,344,a,c,300.0,4.0,2011.0,1,14.0,2011.0,"Jan,Apr,Jul,Oct",2011.33333333
344,345,a,a,120.0,7.0,2008.0,1,22.0,2012.0,"Jan,Apr,Jul,Oct",2008.58333333
345,346,a,c,8090.0,7.0,2008.0,0,,,,2008.58333333
346,347,d,c,9360.0,7.0,2013.0,1,22.0,2012.0,"Mar,Jun,Sept,Dec",2013.58333333
347,348,a,a,16490.0,7.0,2008.0,1,22.0,2012.0,"Jan,Apr,Jul,Oct",2008.58333333
348,349,c,c,1490.0,4.0,2009.0,0,,,,2009.33333333
349,350,d,a,8880.0,7.0,2008.0,1,14.0,2011.0,"Jan,Apr,Jul,Oct",2008.58333333
350,351,a,a,5290.0,11.0,2012.0,1,5.0,2013.0,"Feb,May,Aug,Nov",2012.91666667
351,352,d,c,6360.0,7.0,2008.0,1,40.0,2012.0,"Mar,Jun,Sept,Dec",2008.58333333
352,353,b,b,900.0,7.0,2008.0,1,14.0,2013.0,"Feb,May,Aug,Nov",2008.58333333
353,354,d,c,1500.0,10.0,2005.0,0,,,,2005.83333333
354,355,a,c,9720.0,8.0,2013.0,0,,,,2013.66666667
355,356,d,c,8970.0,12.0,2007.0,1,22.0,2012.0,"Feb,May,Aug,Nov",2008.0
356,357,a,a,2060.0,10.0,2008.0,0,,,,2008.83333333
357,358,a,a,2890.0,10.0,2003.0,0,,,,2003.83333333
358,359,d,c,4370.0,7.0,2008.0,0,,,,2008.58333333
359,360,a,a,2040.0,6.0,2007.0,0,,,,2007.5
360,361,c,c,4490.0,5.0,2014.0,1,5.0,2013.0,"Feb,May,Aug,Nov",2014.41666667
361,362,c,c,340.0,7.0,2008.0,0,,,,2008.58333333
362,363,a,a,250.0,9.0,2009.0,0,,,,2009.75
363,364,a,c,13620.0,7.0,2008.0,1,10.0,2014.0,"Mar,Jun,Sept,Dec",2008.58333333
364,365,c,a,2410.0,7.0,2008.0,1,45.0,2009.0,"Feb,May,Aug,Nov",2008.58333333
365,366,d,c,6470.0,12.0,2004.0,0,,,,2005.0
366,367,d,c,2640.0,9.0,2012.0,0,,,,2012.75
367,368,d,c,1450.0,4.0,2005.0,1,45.0,2009.0,"Feb,May,Aug,Nov",2005.33333333
368,369,d,c,5870.0,4.0,2014.0,0,,,,2014.33333333
369,370,d,a,8250.0,10.0,2000.0,1,31.0,2009.0,"Jan,Apr,Jul,Oct",2000.83333333
370,371,d,c,1970.0,7.0,2009.0,1,45.0,2014.0,"Feb,May,Aug,Nov",2009.58333333
371,372,d,c,4880.0,8.0,2010.0,1,18.0,2014.0,"Jan,Apr,Jul,Oct",2010.66666667
372,373,d,c,11120.0,7.0,2008.0,1,22.0,2012.0,"Jan,Apr,Jul,Oct",2008.58333333
373,374,a,a,1150.0,9.0,2007.0,0,,,,2007.75
374,375,a,c,15710.0,2.0,2013.0,1,37.0,2009.0,"Jan,Apr,Jul,Oct",2013.16666667
375,376,a,a,160.0,8.0,2012.0,0,,,,2012.66666667
376,377,a,c,100.0,6.0,2010.0,1,18.0,2010.0,"Feb,May,Aug,Nov",2010.5
377,378,a,c,2140.0,8.0,2012.0,0,,,,2012.66666667
378,379,d,a,6630.0,7.0,2008.0,0,,,,2008.58333333
379,380,a,a,2240.0,5.0,2013.0,1,10.0,2014.0,"Mar,Jun,Sept,Dec",2013.41666667
380,381,a,a,1800.0,11.0,2006.0,1,5.0,2013.0,"Feb,May,Aug,Nov",2006.91666667
381,382,c,c,26130.0,11.0,2002.0,0,,,,2002.91666667
382,383,a,c,350.0,7.0,2008.0,0,,,,2008.58333333
383,384,a,c,130.0,7.0,2008.0,1,14.0,2011.0,"Jan,Apr,Jul,Oct",2008.58333333
384,385,d,a,4580.0,9.0,2007.0,0,,,,2007.75
385,386,d,c,1460.0,4.0,2014.0,1,31.0,2013.0,"Jan,Apr,Jul,Oct",2014.33333333
386,387,c,a,210.0,7.0,2008.0,1,36.0,2013.0,"Mar,Jun,Sept,Dec",2008.58333333
387,388,a,a,2260.0,7.0,2008.0,0,,,,2008.58333333
388,389,a,c,6690.0,8.0,2011.0,0,,,,2011.66666667
389,390,a,c,1600.0,4.0,2009.0,0,,,,2009.33333333
390,391,a,a,460.0,11.0,2014.0,1,31.0,2013.0,"Feb,May,Aug,Nov",2014.91666667
391,392,a,a,2120.0,7.0,2008.0,0,,,,2008.58333333
392,393,d,c,4820.0,3.0,2008.0,0,,,,2008.25
393,394,d,a,10850.0,7.0,2008.0,0,,,,2008.58333333
394,395,a,a,3620.0,2.0,2013.0,0,,,,2013.16666667
395,396,a,c,23130.0,7.0,2008.0,0,,,,2008.58333333
396,397,a,c,130.0,7.0,2008.0,1,27.0,2013.0,"Feb,May,Aug,Nov",2008.58333333
397,398,c,c,1540.0,7.0,2008.0,1,1.0,2012.0,"Jan,Apr,Jul,Oct",2008.58333333
398,399,a,a,5360.0,9.0,2012.0,1,40.0,2011.0,"Jan,Apr,Jul,Oct",2012.75
399,400,a,a,70.0,11.0,2004.0,1,14.0,2011.0,"Jan,Apr,Jul,Oct",2004.91666667
400,401,a,c,9200.0,10.0,2009.0,1,14.0,2012.0,"Jan,Apr,Jul,Oct",2009.83333333
401,402,c,c,5830.0,9.0,2011.0,1,13.0,2010.0,"Jan,Apr,Jul,Oct",2011.75
402,403,a,a,4970.0,7.0,2015.0,0,,,,2015.58333333
403,404,a,c,1420.0,7.0,2008.0,1,10.0,2013.0,"Mar,Jun,Sept,Dec",2008.58333333
404,405,a,a,1080.0,4.0,2008.0,1,14.0,2011.0,"Jan,Apr,Jul,Oct",2008.33333333
405,406,d,c,8240.0,3.0,2001.0,1,10.0,2013.0,"Feb,May,Aug,Nov",2001.25
406,407,a,a,5890.0,10.0,2003.0,1,14.0,2011.0,"Feb,May,Aug,Nov",2003.83333333
407,408,c,a,1560.0,7.0,2008.0,1,45.0,2009.0,"Feb,May,Aug,Nov",2008.58333333
408,409,d,c,840.0,7.0,2008.0,1,1.0,2013.0,"Jan,Apr,Jul,Oct",2008.58333333
409,410,c,a,40.0,11.0,2011.0,1,22.0,2012.0,"Mar,Jun,Sept,Dec",2011.91666667
410,411,d,c,8460.0,7.0,2008.0,0,,,,2008.58333333
411,412,d,c,4460.0,7.0,2008.0,1,39.0,2010.0,"Jan,Apr,Jul,Oct",2008.58333333
412,413,a,c,760.0,9.0,2014.0,0,,,,2014.75
413,414,d,c,6210.0,7.0,2008.0,1,1.0,2013.0,"Jan,Apr,Jul,Oct",2008.58333333
414,415,d,c,6910.0,4.0,2005.0,0,,,,2005.33333333
415,416,a,c,4650.0,6.0,2014.0,0,,,,2014.5
416,417,a,c,840.0,7.0,2008.0,1,10.0,2014.0,"Jan,Apr,Jul,Oct",2008.58333333
417,418,a,a,1060.0,5.0,2009.0,1,27.0,2011.0,"Feb,May,Aug,Nov",2009.41666667
418,419,c,a,1620.0,9.0,2009.0,0,,,,2009.75
419,420,d,c,250.0,7.0,2008.0,1,27.0,2012.0,"Jan,Apr,Jul,Oct",2008.58333333
420,421,c,c,3530.0,6.0,2012.0,1,35.0,2012.0,"Mar,Jun,Sept,Dec",2012.5
421,422,a,c,2880.0,7.0,2008.0,0,,,,2008.58333333
422,423,b,a,1270.0,5.0,2014.0,0,,,,2014.41666667
423,424,d,c,1250.0,7.0,2008.0,1,40.0,2011.0,"Jan,Apr,Jul,Oct",2008.58333333
424,425,d,c,1460.0,7.0,2008.0,0,,,,2008.58333333
425,426,a,a,250.0,7.0,2008.0,0,,,,2008.58333333
426,427,a,c,70.0,7.0,2005.0,1,13.0,2010.0,"Jan,Apr,Jul,Oct",2005.58333333
427,428,d,a,2960.0,12.0,2014.0,1,23.0,2015.0,"Mar,Jun,Sept,Dec",2015.0
428,429,d,c,16350.0,7.0,2005.0,1,31.0,2013.0,"Jan,Apr,Jul,Oct",2005.58333333
429,430,d,c,12870.0,10.0,2008.0,0,,,,2008.83333333
430,431,d,c,4520.0,7.0,2008.0,0,,,,2008.58333333
431,432,a,a,810.0,5.0,2013.0,0,,,,2013.41666667
432,433,a,c,30030.0,11.0,2010.0,0,,,,2010.91666667
433,434,a,a,13020.0,8.0,2003.0,1,40.0,2014.0,"Jan,Apr,Jul,Oct",2003.66666667
434,435,a,a,910.0,7.0,2008.0,0,,,,2008.58333333
435,436,d,a,2300.0,7.0,2008.0,0,,,,2008.58333333
436,437,c,c,430.0,7.0,2008.0,1,50.0,2010.0,"Jan,Apr,Jul,Oct",2008.58333333
437,438,d,c,1110.0,7.0,2008.0,1,40.0,2012.0,"Jan,Apr,Jul,Oct",2008.58333333
438,439,a,a,1350.0,9.0,2009.0,0,,,,2009.75
439,440,d,a,3900.0,4.0,2005.0,1,45.0,2009.0,"Feb,May,Aug,Nov",2005.33333333
440,441,d,a,2530.0,7.0,2008.0,0,,,,2008.58333333
441,442,c,a,500.0,7.0,2008.0,1,45.0,2009.0,"Feb,May,Aug,Nov",2008.58333333
442,443,d,a,11400.0,12.0,2005.0,0,,,,2006.0
443,444,c,a,1700.0,11.0,2009.0,0,,,,2009.91666667
444,445,a,a,240.0,7.0,2008.0,0,,,,2008.58333333
445,446,a,a,340.0,10.0,2000.0,1,31.0,2013.0,"Feb,May,Aug,Nov",2000.83333333
446,447,a,c,1510.0,9.0,2013.0,0,,,,2013.75
447,448,a,c,3970.0,9.0,2009.0,0,,,,2009.75
448,449,a,c,120.0,12.0,2014.0,1,37.0,2009.0,"Jan,Apr,Jul,Oct",2015.0
449,450,c,a,5780.0,11.0,1994.0,1,10.0,2014.0,"Mar,Jun,Sept,Dec",1994.91666667
450,451,a,a,2460.0,4.0,2009.0,1,13.0,2010.0,"Jan,Apr,Jul,Oct",2009.33333333
451,452,a,c,1850.0,8.0,2013.0,1,5.0,2011.0,"Feb,May,Aug,Nov",2013.66666667
452,453,a,c,75860.0,7.0,2008.0,0,,,,2008.58333333
453,454,a,a,26450.0,7.0,2008.0,0,,,,2008.58333333
454,455,d,c,7660.0,9.0,2010.0,0,,,,2010.75
455,456,a,c,140.0,7.0,2008.0,0,,,,2008.58333333
456,457,d,c,13140.0,7.0,2008.0,1,31.0,2013.0,"Jan,Apr,Jul,Oct",2008.58333333
457,458,c,a,3390.0,7.0,2008.0,0,,,,2008.58333333
458,459,a,a,250.0,9.0,2008.0,1,5.0,2013.0,"Feb,May,Aug,Nov",2008.75
459,460,a,a,34050.0,4.0,2008.0,0,,,,2008.33333333
460,461,d,c,1790.0,7.0,2013.0,1,40.0,2013.0,"Jan,Apr,Jul,Oct",2013.58333333
461,462,a,a,44320.0,8.0,2008.0,0,,,,2008.66666667
462,463,a,a,4160.0,7.0,2008.0,0,,,,2008.58333333
463,464,c,a,520.0,3.0,2009.0,0,,,,2009.25
464,465,d,c,10890.0,4.0,2005.0,0,,,,2005.33333333
465,466,a,c,3110.0,3.0,2003.0,0,,,,2003.25
466,467,a,c,20390.0,4.0,2008.0,0,,,,2008.33333333
467,468,c,c,5260.0,9.0,2012.0,0,,,,2012.75
468,469,c,c,710.0,9.0,2005.0,0,,,,2005.75
469,470,a,c,50.0,7.0,2008.0,0,,,,2008.58333333
470,471,d,a,5300.0,7.0,2008.0,1,45.0,2009.0,"Feb,May,Aug,Nov",2008.58333333
471,472,c,c,5030.0,8.0,2011.0,0,,,,2011.66666667
472,473,a,a,50.0,7.0,2008.0,0,,,,2008.58333333
473,474,c,a,14810.0,7.0,2008.0,1,14.0,2011.0,"Mar,Jun,Sept,Dec",2008.58333333
474,475,a,a,140.0,9.0,2005.0,0,,,,2005.75
475,476,d,a,8300.0,9.0,2006.0,0,,,,2006.75
476,477,d,a,770.0,7.0,2010.0,1,35.0,2010.0,"Jan,Apr,Jul,Oct",2010.58333333
477,478,d,c,1940.0,3.0,2012.0,0,,,,2012.25
478,479,a,a,320.0,12.0,2005.0,1,9.0,2011.0,"Feb,May,Aug,Nov",2006.0
479,480,a,a,300.0,11.0,2012.0,0,,,,2012.91666667
480,481,c,c,7470.0,7.0,2008.0,1,44.0,2012.0,"Feb,May,Aug,Nov",2008.58333333
481,482,c,a,2550.0,10.0,2005.0,0,,,,2005.83333333
482,483,a,c,2310.0,9.0,2011.0,1,13.0,2010.0,"Jan,Apr,Jul,Oct",2011.75
483,484,a,c,14300.0,3.0,2011.0,0,,,,2011.25
484,485,d,c,3270.0,7.0,2008.0,1,22.0,2012.0,"Jan,Apr,Jul,Oct",2008.58333333
485,486,a,a,2320.0,7.0,2008.0,1,31.0,2013.0,"Jan,Apr,Jul,Oct",2008.58333333
486,487,d,c,2180.0,9.0,2012.0,1,40.0,2012.0,"Jan,Apr,Jul,Oct",2012.75
487,488,a,c,2890.0,4.0,2014.0,0,,,,2014.33333333
488,489,a,a,14960.0,11.0,2013.0,1,37.0,2009.0,"Jan,Apr,Jul,Oct",2013.91666667
489,490,a,a,660.0,4.0,2013.0,1,40.0,2014.0,"Jan,Apr,Jul,Oct",2013.33333333
490,491,d,c,4680.0,7.0,2008.0,1,22.0,2012.0,"Mar,Jun,Sept,Dec",2008.58333333
491,492,a,a,1740.0,3.0,2008.0,1,40.0,2012.0,"Jan,Apr,Jul,Oct",2008.25
492,493,d,c,1150.0,7.0,2008.0,1,14.0,2011.0,"Jan,Apr,Jul,Oct",2008.58333333
493,494,b,a,1260.0,6.0,2011.0,0,,,,2011.5
494,495,d,a,5470.0,7.0,2008.0,1,37.0,2009.0,"Jan,Apr,Jul,Oct",2008.58333333
495,496,d,c,2780.0,6.0,2015.0,0,,,,2015.5
496,497,a,c,1610.0,7.0,2008.0,0,,,,2008.58333333
497,498,a,a,990.0,7.0,2008.0,1,40.0,2014.0,"Jan,Apr,Jul,Oct",2008.58333333
498,499,c,c,450.0,7.0,2008.0,1,5.0,2013.0,"Feb,May,Aug,Nov",2008.58333333
499,500,d,c,10690.0,9.0,2007.0,1,5.0,2013.0,"Jan,Apr,Jul,Oct",2007.75
500,501,a,c,1620.0,9.0,2006.0,0,,,,2006.75
501,502,a,a,220.0,2.0,2002.0,1,37.0,2009.0,"Jan,Apr,Jul,Oct",2002.16666667
502,503,d,c,13080.0,9.0,2006.0,1,14.0,2011.0,"Jan,Apr,Jul,Oct",2006.75
503,504,c,c,820.0,7.0,2008.0,0,,,,2008.58333333
504,505,a,a,350.0,7.0,2008.0,1,5.0,2013.0,"Feb,May,Aug,Nov",2008.58333333
505,506,a,a,1850.0,12.0,2014.0,1,18.0,2011.0,"Feb,May,Aug,Nov",2015.0
506,507,a,c,9070.0,4.0,2011.0,1,37.0,2009.0,"Jan,Apr,Jul,Oct",2011.33333333
507,508,a,c,1280.0,7.0,2008.0,1,40.0,2011.0,"Jan,Apr,Jul,Oct",2008.58333333
508,509,a,a,4740.0,7.0,2008.0,1,37.0,2009.0,"Jan,Apr,Jul,Oct",2008.58333333
509,510,a,c,8260.0,7.0,2008.0,0,,,,2008.58333333
510,511,a,a,2060.0,9.0,2009.0,0,,,,2009.75
511,512,b,b,590.0,7.0,2008.0,1,5.0,2013.0,"Mar,Jun,Sept,Dec",2008.58333333
512,513,a,a,400.0,8.0,2013.0,0,,,,2013.66666667
513,514,c,c,1200.0,7.0,2012.0,1,27.0,2012.0,"Jan,Apr,Jul,Oct",2012.58333333
514,515,d,c,11260.0,7.0,2008.0,1,9.0,2011.0,"Feb,May,Aug,Nov",2008.58333333
515,516,a,c,20.0,7.0,2008.0,1,35.0,2010.0,"Mar,Jun,Sept,Dec",2008.58333333
516,517,a,c,22490.0,7.0,2008.0,0,,,,2008.58333333
517,518,d,c,3330.0,3.0,2015.0,1,13.0,2010.0,"Jan,Apr,Jul,Oct",2015.25
518,519,c,c,2510.0,8.0,2009.0,1,1.0,2012.0,"Jan,Apr,Jul,Oct",2009.66666667
519,520,a,c,6900.0,7.0,2008.0,1,40.0,2012.0,"Mar,Jun,Sept,Dec",2008.58333333
520,521,d,a,18610.0,11.0,2002.0,1,48.0,2011.0,"Mar,Jun,Sept,Dec",2002.91666667
521,522,d,c,7160.0,11.0,2012.0,1,9.0,2011.0,"Jan,Apr,Jul,Oct",2012.91666667
522,523,c,c,50.0,11.0,2013.0,0,,,,2013.91666667
523,524,a,c,40860.0,9.0,2013.0,0,,,,2013.75
524,525,d,c,1870.0,9.0,2013.0,0,,,,2013.75
525,526,a,a,120.0,7.0,2008.0,1,48.0,2011.0,"Mar,Jun,Sept,Dec",2008.58333333
526,527,d,c,5830.0,4.0,2008.0,0,,,,2008.33333333
527,528,a,c,20620.0,7.0,2008.0,1,37.0,2009.0,"Jan,Apr,Jul,Oct",2008.58333333
528,529,d,c,12920.0,9.0,2012.0,0,,,,2012.75
529,530,a,c,18160.0,7.0,2008.0,0,,,,2008.58333333
530,531,a,c,4030.0,7.0,2008.0,0,,,,2008.58333333
531,532,a,c,1070.0,8.0,2010.0,0,,,,2010.66666667
532,533,a,c,5950.0,7.0,2008.0,0,,,,2008.58333333
533,534,d,a,1200.0,9.0,2009.0,1,45.0,2009.0,"Jan,Apr,Jul,Oct",2009.75
534,535,a,a,3570.0,4.0,2007.0,0,,,,2007.33333333
535,536,a,c,4700.0,9.0,2002.0,1,31.0,2013.0,"Feb,May,Aug,Nov",2002.75
536,537,a,a,600.0,5.0,2002.0,1,1.0,2012.0,"Jan,Apr,Jul,Oct",2002.41666667
537,538,a,a,990.0,2.0,2010.0,0,,,,2010.16666667
538,539,a,a,770.0,5.0,2013.0,1,40.0,2014.0,"Jan,Apr,Jul,Oct",2013.41666667
539,540,d,c,810.0,7.0,2008.0,1,48.0,2012.0,"Jan,Apr,Jul,Oct",2008.58333333
540,541,a,c,650.0,7.0,1990.0,0,,,,1990.58333333
541,542,a,a,7280.0,9.0,2012.0,1,1.0,2013.0,"Jan,Apr,Jul,Oct",2012.75
542,543,c,a,1080.0,12.0,2012.0,0,,,,2013.0
543,544,a,a,250.0,12.0,2001.0,1,13.0,2010.0,"Jan,Apr,Jul,Oct",2002.0
544,545,a,c,5020.0,5.0,2006.0,1,18.0,2014.0,"Feb,May,Aug,Nov",2006.41666667
545,546,a,a,580.0,1.0,2005.0,0,,,,2005.08333333
546,547,d,c,8990.0,11.0,2009.0,1,35.0,2010.0,"Mar,Jun,Sept,Dec",2009.91666667
547,548,d,c,3760.0,2.0,2009.0,0,,,,2009.16666667
548,549,a,c,2330.0,7.0,2008.0,0,,,,2008.58333333
549,550,d,c,50.0,6.0,2015.0,0,,,,2015.5
550,551,a,c,2190.0,9.0,2013.0,0,,,,2013.75
551,552,a,a,4260.0,7.0,2008.0,1,37.0,2009.0,"Jan,Apr,Jul,Oct",2008.58333333
552,553,c,a,3040.0,9.0,2002.0,1,13.0,2010.0,"Jan,Apr,Jul,Oct",2002.75
553,554,c,c,1200.0,7.0,2008.0,0,,,,2008.58333333
554,555,d,a,1560.0,1.0,2014.0,1,10.0,2013.0,"Mar,Jun,Sept,Dec",2014.08333333
555,556,d,c,1140.0,11.0,2014.0,0,,,,2014.91666667
556,557,a,a,250.0,7.0,2008.0,0,,,,2008.58333333
557,558,a,a,3000.0,2.0,2010.0,0,,,,2010.16666667
558,559,d,a,3910.0,11.0,2006.0,1,5.0,2013.0,"Feb,May,Aug,Nov",2006.91666667
559,560,c,c,1910.0,7.0,2013.0,0,,,,2013.58333333
560,561,d,a,14300.0,7.0,2008.0,0,,,,2008.58333333
561,562,b,c,1210.0,7.0,2008.0,0,,,,2008.58333333
562,563,a,a,700.0,3.0,2015.0,1,10.0,2014.0,"Jan,Apr,Jul,Oct",2015.25
563,564,d,c,6540.0,7.0,2008.0,1,14.0,2013.0,"Jan,Apr,Jul,Oct",2008.58333333
564,565,a,c,160.0,7.0,2007.0,0,,,,2007.58333333
565,566,a,a,3620.0,7.0,2008.0,1,40.0,2013.0,"Jan,Apr,Jul,Oct",2008.58333333
566,567,c,a,1010.0,9.0,2012.0,1,18.0,2011.0,"Feb,May,Aug,Nov",2012.75
567,568,d,c,4270.0,7.0,2008.0,1,1.0,2013.0,"Jan,Apr,Jul,Oct",2008.58333333
568,569,a,a,1340.0,9.0,2006.0,0,,,,2006.75
569,570,a,a,180.0,11.0,2006.0,0,,,,2006.91666667
570,571,d,a,2110.0,11.0,1995.0,1,40.0,2014.0,"Jan,Apr,Jul,Oct",1995.91666667
571,572,d,c,9230.0,4.0,2004.0,1,37.0,2009.0,"Jan,Apr,Jul,Oct",2004.33333333
572,573,a,a,1190.0,11.0,2012.0,1,36.0,2013.0,"Jan,Apr,Jul,Oct",2012.91666667
573,574,d,a,4400.0,7.0,2008.0,0,,,,2008.58333333
574,575,a,a,960.0,5.0,2008.0,1,13.0,2010.0,"Jan,Apr,Jul,Oct",2008.41666667
575,576,c,a,50.0,11.0,2006.0,0,,,,2006.91666667
576,577,a,c,2270.0,7.0,2008.0,1,35.0,2012.0,"Mar,Jun,Sept,Dec",2008.58333333
577,578,d,a,12700.0,4.0,2013.0,0,,,,2013.33333333
578,579,c,a,20970.0,11.0,2012.0,0,,,,2012.91666667
579,580,a,c,170.0,2.0,2009.0,0,,,,2009.16666667
580,581,a,a,7250.0,12.0,2013.0,0,,,,2014.0
581,582,a,a,120.0,7.0,2008.0,0,,,,2008.58333333
582,583,a,a,2640.0,11.0,2002.0,0,,,,2002.91666667
583,584,d,a,1360.0,7.0,2008.0,1,35.0,2010.0,"Mar,Jun,Sept,Dec",2008.58333333
584,585,d,c,440.0,4.0,2014.0,0,,,,2014.33333333
585,586,a,c,250.0,10.0,2008.0,0,,,,2008.83333333
586,587,d,c,330.0,9.0,2006.0,1,14.0,2011.0,"Jan,Apr,Jul,Oct",2006.75
587,588,d,c,15720.0,3.0,2010.0,0,,,,2010.25
588,589,a,c,360.0,7.0,2008.0,1,18.0,2013.0,"Feb,May,Aug,Nov",2008.58333333
589,590,d,c,4520.0,9.0,2010.0,1,31.0,2013.0,"Jan,Apr,Jul,Oct",2010.75
590,591,a,c,3340.0,7.0,2008.0,1,22.0,2012.0,"Mar,Jun,Sept,Dec",2008.58333333
591,592,a,a,2540.0,6.0,2005.0,0,,,,2005.5
592,593,a,c,33060.0,3.0,2010.0,0,,,,2010.25
593,594,a,a,1790.0,10.0,2011.0,0,,,,2011.83333333
594,595,c,c,1130.0,6.0,2015.0,0,,,,2015.5
595,596,c,a,290.0,9.0,2006.0,0,,,,2006.75
596,597,a,a,150.0,9.0,2008.0,1,1.0,2012.0,"Mar,Jun,Sept,Dec",2008.75
597,598,c,a,550.0,12.0,2013.0,1,40.0,2014.0,"Jan,Apr,Jul,Oct",2014.0
598,599,d,c,580.0,11.0,2014.0,0,,,,2014.91666667
599,600,d,c,17340.0,6.0,2010.0,1,9.0,2011.0,"Feb,May,Aug,Nov",2010.5
600,601,d,a,8220.0,4.0,2014.0,1,14.0,2011.0,"Jan,Apr,Jul,Oct",2014.33333333
601,602,a,a,2710.0,7.0,2001.0,1,22.0,2012.0,"Mar,Jun,Sept,Dec",2001.58333333
602,603,a,a,340.0,4.0,2007.0,1,13.0,2010.0,"Jan,Apr,Jul,Oct",2007.33333333
603,604,d,a,10950.0,3.0,2014.0,0,,,,2014.25
604,605,d,a,10310.0,4.0,2003.0,1,37.0,2009.0,"Jan,Apr,Jul,Oct",2003.33333333
605,606,a,a,2260.0,11.0,2007.0,0,,,,2007.91666667
606,607,a,a,350.0,8.0,1999.0,1,14.0,2011.0,"Jan,Apr,Jul,Oct",1999.66666667
607,608,a,c,18370.0,2.0,2013.0,1,14.0,2011.0,"Jan,Apr,Jul,Oct",2013.16666667
608,609,a,a,2070.0,9.0,2007.0,0,,,,2007.75
609,610,a,a,660.0,1.0,2007.0,0,,,,2007.08333333
610,611,a,a,8080.0,12.0,2002.0,1,40.0,2014.0,"Jan,Apr,Jul,Oct",2003.0
611,612,d,c,2490.0,11.0,2012.0,1,31.0,2009.0,"Jan,Apr,Jul,Oct",2012.91666667
612,613,c,a,250.0,6.0,2007.0,1,14.0,2011.0,"Jan,Apr,Jul,Oct",2007.5
613,614,a,a,1160.0,12.0,2012.0,0,,,,2013.0
614,615,d,a,730.0,8.0,2007.0,0,,,,2007.66666667
615,616,a,c,3040.0,8.0,2011.0,1,35.0,2010.0,"Mar,Jun,Sept,Dec",2011.66666667
616,617,a,c,8940.0,7.0,2008.0,1,9.0,2011.0,"Jan,Apr,Jul,Oct",2008.58333333
617,618,d,c,9910.0,7.0,2008.0,0,,,,2008.58333333
618,619,a,a,1600.0,6.0,2006.0,1,45.0,2009.0,"Feb,May,Aug,Nov",2006.5
619,620,d,c,5440.0,7.0,2008.0,1,40.0,2014.0,"Jan,Apr,Jul,Oct",2008.58333333
620,621,a,a,30.0,7.0,2002.0,0,,,,2002.58333333
621,622,a,c,,7.0,2008.0,0,,,,2008.58333333
622,623,a,a,4080.0,3.0,2011.0,1,13.0,2010.0,"Jan,Apr,Jul,Oct",2011.25
623,624,a,c,6920.0,9.0,2011.0,0,,,,2011.75
624,625,a,a,1170.0,4.0,2011.0,1,22.0,2012.0,"Feb,May,Aug,Nov",2011.33333333
625,626,c,c,10740.0,11.0,2013.0,0,,,,2013.91666667
626,627,c,c,3970.0,3.0,2010.0,0,,,,2010.25
627,628,a,c,2180.0,7.0,2008.0,0,,,,2008.58333333
628,629,d,a,510.0,7.0,2014.0,1,23.0,2015.0,"Mar,Jun,Sept,Dec",2014.58333333
629,630,a,a,1690.0,4.0,2015.0,0,,,,2015.33333333
630,631,d,c,2870.0,7.0,2008.0,1,35.0,2012.0,"Mar,Jun,Sept,Dec",2008.58333333
631,632,a,a,3350.0,2.0,2010.0,0,,,,2010.16666667
632,633,d,a,11640.0,4.0,2005.0,1,22.0,2011.0,"Jan,Apr,Jul,Oct",2005.33333333
633,634,d,a,18610.0,7.0,2008.0,0,,,,2008.58333333
634,635,a,a,27530.0,4.0,2014.0,0,,,,2014.33333333
635,636,c,a,720.0,10.0,2004.0,1,13.0,2010.0,"Jan,Apr,Jul,Oct",2004.83333333
636,637,d,c,9790.0,7.0,2008.0,1,31.0,2009.0,"Feb,May,Aug,Nov",2008.58333333
637,638,d,a,10170.0,11.0,2001.0,0,,,,2001.91666667
638,639,a,a,7780.0,11.0,2006.0,0,,,,2006.91666667
639,640,d,c,8040.0,7.0,2008.0,0,,,,2008.58333333
640,641,a,c,610.0,12.0,2003.0,1,36.0,2013.0,"Mar,Jun,Sept,Dec",2004.0
641,642,c,c,530.0,4.0,2005.0,1,35.0,2010.0,"Mar,Jun,Sept,Dec",2005.33333333
642,643,a,a,230.0,6.0,2010.0,1,18.0,2010.0,"Feb,May,Aug,Nov",2010.5
643,644,c,a,4030.0,12.0,2004.0,1,14.0,2011.0,"Jan,Apr,Jul,Oct",2005.0
644,645,a,a,90.0,7.0,2008.0,1,45.0,2009.0,"Feb,May,Aug,Nov",2008.58333333
645,646,a,a,620.0,9.0,2014.0,0,,,,2014.75
646,647,a,c,7420.0,4.0,2013.0,0,,,,2013.33333333
647,648,d,a,2130.0,12.0,2008.0,0,,,,2009.0
648,649,a,a,14570.0,11.0,2002.0,0,,,,2002.91666667
649,650,a,a,1420.0,10.0,2012.0,1,40.0,2014.0,"Jan,Apr,Jul,Oct",2012.83333333
650,651,a,a,200.0,7.0,2008.0,0,,,,2008.58333333
651,652,a,a,20390.0,7.0,2008.0,0,,,,2008.58333333
652,653,d,c,7520.0,7.0,2014.0,1,45.0,2009.0,"Feb,May,Aug,Nov",2014.58333333
653,654,c,a,6930.0,9.0,2006.0,0,,,,2006.75
654,655,d,c,960.0,11.0,2012.0,1,5.0,2013.0,"Feb,May,Aug,Nov",2012.91666667
655,656,d,a,410.0,4.0,2009.0,1,13.0,2010.0,"Jan,Apr,Jul,Oct",2009.33333333
656,657,c,c,80.0,1.0,2006.0,1,10.0,2014.0,"Jan,Apr,Jul,Oct",2006.08333333
657,658,d,c,520.0,7.0,2008.0,1,37.0,2009.0,"Jan,Apr,Jul,Oct",2008.58333333
658,659,d,a,1590.0,3.0,2012.0,0,,,,2012.25
659,660,a,a,1200.0,11.0,2006.0,1,40.0,2014.0,"Jan,Apr,Jul,Oct",2006.91666667
660,661,d,c,2140.0,7.0,2013.0,0,,,,2013.58333333
661,662,d,a,1070.0,7.0,2008.0,0,,,,2008.58333333
662,663,a,c,7860.0,5.0,2005.0,0,,,,2005.41666667
663,664,d,c,1680.0,10.0,2005.0,0,,,,2005.83333333
664,665,a,a,90.0,12.0,2012.0,1,14.0,2011.0,"Jan,Apr,Jul,Oct",2013.0
665,666,c,c,2700.0,7.0,2008.0,1,9.0,2011.0,"Mar,Jun,Sept,Dec",2008.58333333
666,667,d,c,2870.0,9.0,2012.0,0,,,,2012.75
667,668,c,a,1270.0,9.0,2010.0,0,,,,2010.75
668,669,d,a,17080.0,7.0,2012.0,1,31.0,2013.0,"Jan,Apr,Jul,Oct",2012.58333333
669,670,a,a,2060.0,7.0,2008.0,1,45.0,2009.0,"Feb,May,Aug,Nov",2008.58333333
670,671,a,c,2070.0,2.0,2008.0,1,39.0,2010.0,"Jan,Apr,Jul,Oct",2008.16666667
671,672,c,a,240.0,9.0,2002.0,0,,,,2002.75
672,673,d,c,15170.0,7.0,2008.0,1,5.0,2013.0,"Feb,May,Aug,Nov",2008.58333333
673,674,a,a,2640.0,12.0,2005.0,1,31.0,2013.0,"Feb,May,Aug,Nov",2006.0
674,675,a,a,2100.0,8.0,2013.0,1,14.0,2011.0,"Jan,Apr,Jul,Oct",2013.66666667
675,676,b,b,1410.0,9.0,2008.0,0,,,,2008.75
676,677,d,a,1740.0,6.0,2014.0,1,45.0,2009.0,"Feb,May,Aug,Nov",2014.5
677,678,c,a,3250.0,7.0,2008.0,1,40.0,2011.0,"Jan,Apr,Jul,Oct",2008.58333333
678,679,a,a,4140.0,9.0,2012.0,0,,,,2012.75
679,680,c,a,170.0,7.0,2008.0,1,35.0,2012.0,"Mar,Jun,Sept,Dec",2008.58333333
680,681,a,c,620.0,7.0,2008.0,1,1.0,2014.0,"Mar,Jun,Sept,Dec",2008.58333333
681,682,b,a,150.0,9.0,2006.0,0,,,,2006.75
682,683,a,a,2850.0,7.0,2014.0,0,,,,2014.58333333
683,684,d,c,680.0,7.0,2008.0,1,22.0,2012.0,"Jan,Apr,Jul,Oct",2008.58333333
684,685,a,a,650.0,11.0,2013.0,1,37.0,2009.0,"Jan,Apr,Jul,Oct",2013.91666667
685,686,a,a,20050.0,4.0,2002.0,0,,,,2002.33333333
686,687,d,c,2770.0,7.0,2008.0,0,,,,2008.58333333
687,688,a,a,18760.0,8.0,2015.0,1,14.0,2011.0,"Jan,Apr,Jul,Oct",2015.66666667
688,689,d,a,15040.0,10.0,2004.0,0,,,,2004.83333333
689,690,a,a,100.0,7.0,2008.0,0,,,,2008.58333333
690,691,d,c,3030.0,7.0,2008.0,1,37.0,2009.0,"Jan,Apr,Jul,Oct",2008.58333333
691,692,a,a,40.0,8.0,2001.0,0,,,,2001.66666667
692,693,d,a,450.0,7.0,2008.0,1,40.0,2011.0,"Jan,Apr,Jul,Oct",2008.58333333
693,694,a,c,460.0,11.0,2012.0,1,40.0,2014.0,"Jan,Apr,Jul,Oct",2012.91666667
694,695,a,a,550.0,7.0,2011.0,1,1.0,2012.0,"Jan,Apr,Jul,Oct",2011.58333333
695,696,a,c,430.0,7.0,2008.0,0,,,,2008.58333333
696,697,d,a,3780.0,7.0,2008.0,1,40.0,2011.0,"Jan,Apr,Jul,Oct",2008.58333333
697,698,a,a,1790.0,5.0,2011.0,0,,,,2011.41666667
698,699,a,a,180.0,7.0,2008.0,1,5.0,2013.0,"Jan,Apr,Jul,Oct",2008.58333333
699,700,a,c,830.0,7.0,2008.0,1,27.0,2013.0,"Jan,Apr,Jul,Oct",2008.58333333
700,701,d,a,1450.0,3.0,2012.0,1,14.0,2011.0,"Jan,Apr,Jul,Oct",2012.25
701,702,a,a,8550.0,9.0,2001.0,1,45.0,2009.0,"Feb,May,Aug,Nov",2001.75
702,703,a,a,80.0,6.0,2005.0,0,,,,2005.5
703,704,d,c,1910.0,4.0,2009.0,0,,,,2009.33333333
704,705,a,a,4140.0,9.0,2012.0,1,18.0,2011.0,"Feb,May,Aug,Nov",2012.75
705,706,d,a,7830.0,9.0,2014.0,1,10.0,2014.0,"Mar,Jun,Sept,Dec",2014.75
706,707,a,c,2900.0,7.0,1990.0,0,,,,1990.58333333
707,708,c,c,11470.0,10.0,2009.0,1,18.0,2014.0,"Jan,Apr,Jul,Oct",2009.83333333
708,709,a,a,500.0,12.0,2010.0,0,,,,2011.0
709,710,d,a,1500.0,9.0,2008.0,1,14.0,2011.0,"Jan,Apr,Jul,Oct",2008.75
710,711,d,a,17110.0,3.0,2007.0,1,5.0,2010.0,"Jan,Apr,Jul,Oct",2007.25
711,712,a,a,4870.0,9.0,2007.0,1,45.0,2009.0,"Jan,Apr,Jul,Oct",2007.75
712,713,a,c,220.0,7.0,2008.0,1,10.0,2014.0,"Jan,Apr,Jul,Oct",2008.58333333
713,714,d,c,12070.0,10.0,2005.0,1,10.0,2013.0,"Jan,Apr,Jul,Oct",2005.83333333
714,715,a,a,14810.0,6.0,2014.0,0,,,,2014.5
715,716,d,a,3200.0,1.0,2008.0,1,22.0,2011.0,"Jan,Apr,Jul,Oct",2008.08333333
716,717,d,c,310.0,7.0,2008.0,1,40.0,2011.0,"Jan,Apr,Jul,Oct",2008.58333333
717,718,a,a,1100.0,6.0,2015.0,0,,,,2015.5
718,719,c,c,8190.0,7.0,2008.0,1,45.0,2009.0,"Feb,May,Aug,Nov",2008.58333333
719,720,a,c,15320.0,3.0,2011.0,1,14.0,2013.0,"Feb,May,Aug,Nov",2011.25
720,721,a,c,3590.0,9.0,2012.0,1,22.0,2012.0,"Mar,Jun,Sept,Dec",2012.75
721,722,a,a,50.0,7.0,2008.0,0,,,,2008.58333333
722,723,d,c,5650.0,9.0,2008.0,1,5.0,2013.0,"Feb,May,Aug,Nov",2008.75
723,724,d,c,5900.0,7.0,2008.0,0,,,,2008.58333333
724,725,d,c,17540.0,6.0,2012.0,0,,,,2012.5
725,726,a,c,40540.0,2.0,2002.0,0,,,,2002.16666667
726,727,a,a,2050.0,3.0,2007.0,0,,,,2007.25
727,728,d,a,13990.0,7.0,2008.0,1,14.0,2011.0,"Jan,Apr,Jul,Oct",2008.58333333
728,729,c,c,8980.0,6.0,2011.0,0,,,,2011.5
729,730,c,a,1190.0,9.0,2013.0,0,,,,2013.75
730,731,a,a,15270.0,7.0,2008.0,1,10.0,2014.0,"Jan,Apr,Jul,Oct",2008.58333333
731,732,a,c,35280.0,7.0,2008.0,0,,,,2008.58333333
732,733,b,b,860.0,10.0,1999.0,0,,,,1999.83333333
733,734,a,a,220.0,7.0,2008.0,1,36.0,2013.0,"Mar,Jun,Sept,Dec",2008.58333333
734,735,d,c,1920.0,4.0,2005.0,0,,,,2005.33333333
735,736,c,c,1650.0,7.0,2008.0,1,14.0,2011.0,"Jan,Apr,Jul,Oct",2008.58333333
736,737,a,a,100.0,5.0,2007.0,1,31.0,2013.0,"Jan,Apr,Jul,Oct",2007.41666667
737,738,d,c,5980.0,10.0,2005.0,0,,,,2005.83333333
738,739,d,c,2770.0,6.0,2008.0,1,22.0,2011.0,"Jan,Apr,Jul,Oct",2008.5
739,740,d,a,6400.0,3.0,2014.0,0,,,,2014.25
740,741,d,c,11900.0,7.0,2008.0,0,,,,2008.58333333
741,742,d,c,4380.0,7.0,2008.0,0,,,,2008.58333333
742,743,a,a,6710.0,11.0,2003.0,1,14.0,2012.0,"Jan,Apr,Jul,Oct",2003.91666667
743,744,a,a,1370.0,12.0,2011.0,1,40.0,2014.0,"Jan,Apr,Jul,Oct",2012.0
744,745,a,a,17650.0,11.0,2013.0,1,37.0,2009.0,"Jan,Apr,Jul,Oct",2013.91666667
745,746,d,c,4330.0,2.0,2011.0,1,35.0,2011.0,"Mar,Jun,Sept,Dec",2011.16666667
746,747,c,c,45740.0,8.0,2008.0,0,,,,2008.66666667
747,748,d,a,2380.0,3.0,2010.0,1,14.0,2011.0,"Jan,Apr,Jul,Oct",2010.25
748,749,a,a,3410.0,8.0,2011.0,1,14.0,2015.0,"Jan,Apr,Jul,Oct",2011.66666667
749,750,d,a,8670.0,2.0,2002.0,1,14.0,2011.0,"Jan,Apr,Jul,Oct",2002.16666667
750,751,a,a,650.0,10.0,2006.0,0,,,,2006.83333333
751,752,a,a,970.0,3.0,2013.0,1,31.0,2013.0,"Feb,May,Aug,Nov",2013.25
752,753,d,c,540.0,11.0,2012.0,1,35.0,2010.0,"Mar,Jun,Sept,Dec",2012.91666667
753,754,c,c,380.0,5.0,2008.0,1,10.0,2014.0,"Mar,Jun,Sept,Dec",2008.41666667
754,755,d,c,13130.0,12.0,2003.0,0,,,,2004.0
755,756,a,c,50.0,7.0,2008.0,1,40.0,2011.0,"Jan,Apr,Jul,Oct",2008.58333333
756,757,a,c,3450.0,7.0,2008.0,0,,,,2008.58333333
757,758,a,c,19780.0,6.0,2008.0,0,,,,2008.5
758,759,a,a,110.0,11.0,2012.0,1,31.0,2013.0,"Feb,May,Aug,Nov",2012.91666667
759,760,a,a,560.0,1.0,2011.0,0,,,,2011.08333333
760,761,a,a,2390.0,9.0,2012.0,0,,,,2012.75
761,762,d,c,1280.0,7.0,2008.0,1,10.0,2013.0,"Mar,Jun,Sept,Dec",2008.58333333
762,763,d,c,32240.0,3.0,2010.0,0,,,,2010.25
763,764,a,c,26490.0,7.0,2008.0,1,10.0,2014.0,"Mar,Jun,Sept,Dec",2008.58333333
764,765,a,c,25430.0,5.0,1999.0,1,37.0,2009.0,"Jan,Apr,Jul,Oct",1999.41666667
765,766,d,c,9820.0,7.0,2008.0,0,,,,2008.58333333
766,767,a,c,13080.0,7.0,2008.0,0,,,,2008.58333333
767,768,a,c,2630.0,9.0,2012.0,0,,,,2012.75
768,769,b,b,840.0,7.0,2008.0,1,48.0,2012.0,"Jan,Apr,Jul,Oct",2008.58333333
769,770,a,c,100.0,4.0,2015.0,0,,,,2015.33333333
770,771,a,a,20640.0,9.0,2007.0,0,,,,2007.75
771,772,d,c,1850.0,7.0,2008.0,0,,,,2008.58333333
772,773,a,a,200.0,7.0,2008.0,0,,,,2008.58333333
773,774,a,c,640.0,9.0,2013.0,0,,,,2013.75
774,775,d,c,6970.0,12.0,2005.0,1,22.0,2011.0,"Jan,Apr,Jul,Oct",2006.0
775,776,c,a,700.0,4.0,2009.0,1,14.0,2011.0,"Jan,Apr,Jul,Oct",2009.33333333
776,777,d,c,8250.0,10.0,2004.0,1,10.0,2013.0,"Mar,Jun,Sept,Dec",2004.83333333
777,778,a,a,340.0,6.0,2003.0,1,40.0,2014.0,"Jan,Apr,Jul,Oct",2003.5
778,779,a,a,16990.0,4.0,2004.0,0,,,,2004.33333333
779,780,a,a,18160.0,7.0,2008.0,0,,,,2008.58333333
780,781,a,a,630.0,4.0,2007.0,0,,,,2007.33333333
781,782,c,c,5390.0,8.0,2003.0,1,1.0,2012.0,"Jan,Apr,Jul,Oct",2003.66666667
782,783,d,c,15490.0,7.0,2008.0,0,,,,2008.58333333
783,784,a,a,560.0,10.0,2014.0,1,10.0,2014.0,"Jan,Apr,Jul,Oct",2014.83333333
784,785,d,c,970.0,7.0,2005.0,1,31.0,2013.0,"Feb,May,Aug,Nov",2005.58333333
785,786,a,a,290.0,11.0,2006.0,1,5.0,2013.0,"Feb,May,Aug,Nov",2006.91666667
786,787,c,c,3210.0,6.0,2009.0,0,,,,2009.5
787,788,a,c,1530.0,3.0,2013.0,0,,,,2013.25
788,789,a,c,9770.0,7.0,2003.0,0,,,,2003.58333333
789,790,d,c,9070.0,12.0,2003.0,0,,,,2004.0
790,791,a,a,5950.0,4.0,2007.0,0,,,,2007.33333333
791,792,d,a,17280.0,10.0,2009.0,1,18.0,2011.0,"Feb,May,Aug,Nov",2009.83333333
792,793,d,a,2710.0,7.0,2006.0,0,,,,2006.58333333
793,794,c,c,5090.0,9.0,2006.0,0,,,,2006.75
794,795,d,a,510.0,7.0,2008.0,1,35.0,2010.0,"Mar,Jun,Sept,Dec",2008.58333333
795,796,a,c,7180.0,11.0,2012.0,0,,,,2012.91666667
796,797,a,a,2090.0,10.0,2012.0,1,40.0,2014.0,"Jan,Apr,Jul,Oct",2012.83333333
797,798,a,a,9560.0,4.0,2001.0,0,,,,2001.33333333
798,799,a,c,2700.0,7.0,2008.0,0,,,,2008.58333333
799,800,d,a,2020.0,7.0,2014.0,0,,,,2014.58333333
800,801,d,a,48330.0,4.0,2013.0,0,,,,2013.33333333
801,802,a,c,910.0,7.0,2008.0,1,22.0,2011.0,"Feb,May,Aug,Nov",2008.58333333
802,803,d,a,1760.0,7.0,2008.0,1,10.0,2014.0,"Mar,Jun,Sept,Dec",2008.58333333
803,804,c,c,2100.0,7.0,2008.0,1,1.0,2013.0,"Jan,Apr,Jul,Oct",2008.58333333
804,805,d,a,24770.0,10.0,2011.0,1,10.0,2014.0,"Mar,Jun,Sept,Dec",2011.83333333
805,806,d,a,260.0,7.0,2008.0,1,44.0,2010.0,"Feb,May,Aug,Nov",2008.58333333
806,807,a,a,3870.0,4.0,2008.0,0,,,,2008.33333333
807,808,a,a,18620.0,7.0,2008.0,1,31.0,2009.0,"Feb,May,Aug,Nov",2008.58333333
808,809,a,a,12770.0,10.0,2000.0,0,,,,2000.83333333
809,810,d,c,9640.0,11.0,2013.0,0,,,,2013.91666667
810,811,a,a,410.0,9.0,2012.0,0,,,,2012.75
811,812,d,a,2590.0,9.0,2012.0,0,,,,2012.75
812,813,a,a,1560.0,9.0,2003.0,0,,,,2003.75
813,814,d,c,24530.0,7.0,2013.0,0,,,,2013.58333333
814,815,a,a,590.0,1.0,1900.0,1,40.0,2014.0,"Jan,Apr,Jul,Oct",1900.08333333
815,816,c,c,460.0,7.0,2008.0,0,,,,2008.58333333
816,817,a,a,140.0,3.0,2006.0,0,,,,2006.25
817,818,d,a,490.0,7.0,2008.0,1,35.0,2010.0,"Mar,Jun,Sept,Dec",2008.58333333
818,819,a,c,720.0,10.0,2014.0,0,,,,2014.83333333
819,820,a,c,1650.0,7.0,2008.0,1,40.0,2014.0,"Jan,Apr,Jul,Oct",2008.58333333
820,821,a,a,1700.0,9.0,2009.0,0,,,,2009.75
821,822,a,c,410.0,11.0,2010.0,1,48.0,2010.0,"Mar,Jun,Sept,Dec",2010.91666667
822,823,a,c,16210.0,11.0,2010.0,0,,,,2010.91666667
823,824,a,a,17570.0,7.0,2008.0,0,,,,2008.58333333
824,825,a,a,380.0,5.0,2011.0,1,40.0,2014.0,"Jan,Apr,Jul,Oct",2011.41666667
825,826,a,c,7980.0,6.0,2005.0,0,,,,2005.5
826,827,a,c,250.0,1.0,2005.0,0,,,,2005.08333333
827,828,d,c,3290.0,12.0,2014.0,0,,,,2015.0
828,829,c,a,110.0,7.0,2008.0,0,,,,2008.58333333
829,830,a,c,6320.0,7.0,2008.0,1,5.0,2011.0,"Jan,Apr,Jul,Oct",2008.58333333
830,831,a,a,800.0,6.0,2007.0,0,,,,2007.5
831,832,d,a,5070.0,7.0,2008.0,1,45.0,2009.0,"Feb,May,Aug,Nov",2008.58333333
832,833,d,c,3290.0,12.0,1999.0,1,35.0,2010.0,"Mar,Jun,Sept,Dec",2000.0
833,834,a,a,3470.0,3.0,2012.0,0,,,,2012.25
834,835,a,a,2890.0,12.0,2007.0,1,10.0,2014.0,"Mar,Jun,Sept,Dec",2008.0
835,836,a,a,2720.0,9.0,2012.0,0,,,,2012.75
836,837,a,c,14600.0,4.0,2015.0,0,,,,2015.33333333
837,838,d,c,6890.0,7.0,2008.0,1,48.0,2011.0,"Mar,Jun,Sept,Dec",2008.58333333
838,839,c,a,240.0,1.0,2015.0,0,,,,2015.08333333
839,840,a,a,1070.0,9.0,2009.0,0,,,,2009.75
840,841,a,a,27650.0,8.0,2004.0,0,,,,2004.66666667
841,842,d,c,1200.0,11.0,2007.0,0,,,,2007.91666667
842,843,c,a,60.0,4.0,2006.0,0,,,,2006.33333333
843,844,a,a,2030.0,9.0,2012.0,1,18.0,2011.0,"Feb,May,Aug,Nov",2012.75
844,845,d,a,7860.0,11.0,2005.0,1,14.0,2011.0,"Jan,Apr,Jul,Oct",2005.91666667
845,846,a,c,8860.0,4.0,2004.0,1,37.0,2009.0,"Jan,Apr,Jul,Oct",2004.33333333
846,847,c,c,190.0,7.0,2008.0,1,31.0,2013.0,"Feb,May,Aug,Nov",2008.58333333
847,848,a,c,370.0,7.0,2007.0,1,14.0,2011.0,"Jan,Apr,Jul,Oct",2007.58333333
848,849,c,c,5000.0,7.0,2008.0,0,,,,2008.58333333
849,850,d,a,1120.0,5.0,2007.0,1,31.0,2013.0,"Jan,Apr,Jul,Oct",2007.41666667
850,851,d,c,2330.0,7.0,2008.0,1,49.0,2014.0,"Mar,Jun,Sept,Dec",2008.58333333
851,852,c,a,940.0,4.0,2004.0,1,14.0,2011.0,"Jan,Apr,Jul,Oct",2004.33333333
852,853,a,a,14040.0,7.0,2008.0,0,,,,2008.58333333
853,854,c,a,4770.0,7.0,2008.0,1,13.0,2010.0,"Jan,Apr,Jul,Oct",2008.58333333
854,855,a,a,3440.0,7.0,2008.0,1,45.0,2009.0,"Feb,May,Aug,Nov",2008.58333333
855,856,a,a,3020.0,2.0,2010.0,0,,,,2010.16666667
856,857,c,a,6270.0,8.0,2005.0,1,23.0,2014.0,"Mar,Jun,Sept,Dec",2005.66666667
857,858,a,a,3370.0,12.0,2008.0,1,40.0,2014.0,"Jan,Apr,Jul,Oct",2009.0
858,859,c,a,21770.0,7.0,2015.0,0,,,,2015.58333333
859,860,c,c,5980.0,2.0,2010.0,0,,,,2010.16666667
860,861,c,c,740.0,7.0,2008.0,1,14.0,2013.0,"Mar,Jun,Sept,Dec",2008.58333333
861,862,a,c,2840.0,3.0,2010.0,1,14.0,2011.0,"Jan,Apr,Jul,Oct",2010.25
862,863,a,c,21370.0,11.0,2010.0,0,,,,2010.91666667
863,864,a,a,1020.0,10.0,2012.0,1,45.0,2009.0,"Feb,May,Aug,Nov",2012.83333333
864,865,d,c,2640.0,7.0,2008.0,0,,,,2008.58333333
865,866,d,a,9680.0,7.0,2008.0,1,5.0,2013.0,"Feb,May,Aug,Nov",2008.58333333
866,867,d,c,21810.0,9.0,2012.0,0,,,,2012.75
867,868,d,c,1360.0,8.0,2005.0,1,10.0,2014.0,"Jan,Apr,Jul,Oct",2005.66666667
868,869,c,a,230.0,10.0,2001.0,1,14.0,2011.0,"Jan,Apr,Jul,Oct",2001.83333333
869,870,a,a,780.0,4.0,2009.0,0,,,,2009.33333333
870,871,d,c,10620.0,7.0,2008.0,0,,,,2008.58333333
871,872,a,c,3860.0,9.0,2014.0,1,23.0,2015.0,"Mar,Jun,Sept,Dec",2014.75
872,873,a,a,2040.0,11.0,2008.0,0,,,,2008.91666667
873,874,a,a,3210.0,7.0,2008.0,0,,,,2008.58333333
874,875,d,a,5070.0,11.0,2007.0,1,18.0,2015.0,"Feb,May,Aug,Nov",2007.91666667
875,876,a,a,21790.0,4.0,2005.0,1,18.0,2015.0,"Feb,May,Aug,Nov",2005.33333333
876,877,a,c,29190.0,7.0,2008.0,0,,,,2008.58333333
877,878,d,c,1100.0,12.0,2014.0,0,,,,2015.0
878,879,d,a,,7.0,2008.0,1,5.0,2013.0,"Feb,May,Aug,Nov",2008.58333333
879,880,a,c,4570.0,7.0,2008.0,0,,,,2008.58333333
880,881,a,a,180.0,3.0,2008.0,1,31.0,2013.0,"Feb,May,Aug,Nov",2008.25
881,882,a,a,30.0,4.0,2013.0,0,,,,2013.33333333
882,883,a,a,3200.0,6.0,2005.0,0,,,,2005.5
883,884,d,c,7550.0,7.0,2008.0,0,,,,2008.58333333
884,885,a,a,480.0,12.0,2005.0,0,,,,2006.0
885,886,a,c,12430.0,10.0,2004.0,0,,,,2004.83333333
886,887,d,a,19700.0,7.0,2008.0,1,37.0,2009.0,"Jan,Apr,Jul,Oct",2008.58333333
887,888,d,a,4450.0,6.0,2012.0,1,35.0,2012.0,"Mar,Jun,Sept,Dec",2012.5
888,889,d,a,18670.0,12.0,2005.0,0,,,,2006.0
889,890,a,a,4450.0,7.0,2008.0,1,14.0,2011.0,"Jan,Apr,Jul,Oct",2008.58333333
890,891,a,c,350.0,7.0,2008.0,1,31.0,2013.0,"Feb,May,Aug,Nov",2008.58333333
891,892,a,a,19370.0,4.0,2002.0,0,,,,2002.33333333
892,893,a,a,130.0,7.0,2008.0,1,1.0,2013.0,"Jan,Apr,Jul,Oct",2008.58333333
893,894,a,a,190.0,11.0,2012.0,0,,,,2012.91666667
894,895,a,c,4150.0,7.0,2008.0,0,,,,2008.58333333
895,896,a,c,170.0,9.0,2012.0,0,,,,2012.75
896,897,c,c,3290.0,1.0,2007.0,1,5.0,2013.0,"Feb,May,Aug,Nov",2007.08333333
897,898,a,a,18540.0,7.0,2008.0,0,,,,2008.58333333
898,899,d,a,2590.0,7.0,2008.0,1,13.0,2010.0,"Jan,Apr,Jul,Oct",2008.58333333
899,900,a,a,3920.0,4.0,2005.0,1,40.0,2014.0,"Jan,Apr,Jul,Oct",2005.33333333
900,901,a,c,3170.0,4.0,2014.0,0,,,,2014.33333333
901,902,a,a,310.0,5.0,2015.0,1,40.0,2014.0,"Jan,Apr,Jul,Oct",2015.41666667
902,903,d,c,7290.0,9.0,2014.0,0,,,,2014.75
903,904,d,c,570.0,7.0,2013.0,1,14.0,2011.0,"Jan,Apr,Jul,Oct",2013.58333333
904,905,a,a,90.0,6.0,2014.0,0,,,,2014.5
905,906,a,a,90.0,7.0,2010.0,0,,,,2010.58333333
906,907,a,c,250.0,7.0,2008.0,0,,,,2008.58333333
907,908,a,a,1980.0,7.0,2010.0,1,37.0,2009.0,"Jan,Apr,Jul,Oct",2010.58333333
908,909,a,c,1680.0,7.0,2008.0,1,45.0,2009.0,"Feb,May,Aug,Nov",2008.58333333
909,910,d,c,12480.0,7.0,2008.0,1,1.0,2013.0,"Jan,Apr,Jul,Oct",2008.58333333
910,911,a,c,16490.0,7.0,2008.0,0,,,,2008.58333333
911,912,c,c,3100.0,5.0,2010.0,0,,,,2010.41666667
912,913,a,a,280.0,7.0,2008.0,0,,,,2008.58333333
913,914,c,c,2640.0,4.0,2011.0,1,22.0,2012.0,"Mar,Jun,Sept,Dec",2011.33333333
914,915,d,c,650.0,3.0,2013.0,1,40.0,2014.0,"Jan,Apr,Jul,Oct",2013.25
915,916,a,a,90.0,11.0,2012.0,0,,,,2012.91666667
916,917,a,a,7240.0,2.0,2010.0,0,,,,2010.16666667
917,918,a,c,18710.0,4.0,2015.0,0,,,,2015.33333333
918,919,a,a,2620.0,7.0,2008.0,1,45.0,2009.0,"Feb,May,Aug,Nov",2008.58333333
919,920,a,a,850.0,2.0,2012.0,1,40.0,2014.0,"Jan,Apr,Jul,Oct",2012.16666667
920,921,a,a,840.0,9.0,2006.0,0,,,,2006.75
921,922,d,a,2110.0,3.0,2006.0,0,,,,2006.25
922,923,a,a,280.0,9.0,2008.0,0,,,,2008.75
923,924,a,a,6420.0,4.0,2011.0,1,1.0,2012.0,"Jan,Apr,Jul,Oct",2011.33333333
924,925,c,a,470.0,3.0,2007.0,1,1.0,2012.0,"Jan,Apr,Jul,Oct",2007.25
925,926,d,c,5150.0,3.0,2011.0,1,13.0,2010.0,"Jan,Apr,Jul,Oct",2011.25
926,927,a,a,480.0,7.0,2008.0,0,,,,2008.58333333
927,928,d,c,1090.0,7.0,2008.0,1,31.0,2013.0,"Feb,May,Aug,Nov",2008.58333333
928,929,a,c,4820.0,9.0,2013.0,0,,,,2013.75
929,930,a,a,70.0,7.0,2008.0,0,,,,2008.58333333
930,931,a,c,1480.0,9.0,2011.0,1,1.0,2012.0,"Jan,Apr,Jul,Oct",2011.75
931,932,a,a,15700.0,7.0,2008.0,1,13.0,2010.0,"Jan,Apr,Jul,Oct",2008.58333333
932,933,a,c,6270.0,2.0,2005.0,0,,,,2005.16666667
933,934,a,c,5460.0,7.0,2008.0,1,14.0,2011.0,"Jan,Apr,Jul,Oct",2008.58333333
934,935,a,c,22350.0,6.0,2010.0,0,,,,2010.5
935,936,a,a,580.0,2.0,2008.0,0,,,,2008.16666667
936,937,d,a,2810.0,7.0,2008.0,1,10.0,2014.0,"Jan,Apr,Jul,Oct",2008.58333333
937,938,a,a,2820.0,9.0,2009.0,0,,,,2009.75
938,939,d,a,1340.0,7.0,2008.0,0,,,,2008.58333333
939,940,d,c,6470.0,9.0,2012.0,0,,,,2012.75
940,941,a,a,1200.0,12.0,2011.0,1,31.0,2013.0,"Jan,Apr,Jul,Oct",2012.0
941,942,d,c,6860.0,7.0,2008.0,1,18.0,2011.0,"Jan,Apr,Jul,Oct",2008.58333333
942,943,d,c,18020.0,7.0,2008.0,0,,,,2008.58333333
943,944,c,a,1670.0,7.0,2015.0,0,,,,2015.58333333
944,945,a,c,12480.0,3.0,2011.0,0,,,,2011.25
945,946,a,a,2220.0,12.0,2011.0,1,14.0,2015.0,"Jan,Apr,Jul,Oct",2012.0
946,947,a,a,460.0,3.0,2014.0,1,13.0,2010.0,"Jan,Apr,Jul,Oct",2014.25
947,948,b,b,1430.0,7.0,2008.0,0,,,,2008.58333333
948,949,a,a,870.0,3.0,2006.0,0,,,,2006.25
949,950,a,a,8460.0,11.0,1994.0,0,,,,1994.91666667
950,951,d,c,710.0,7.0,2008.0,1,40.0,2011.0,"Jan,Apr,Jul,Oct",2008.58333333
951,952,d,c,6300.0,10.0,2013.0,0,,,,2013.83333333
952,953,a,a,19830.0,4.0,2006.0,1,22.0,2011.0,"Mar,Jun,Sept,Dec",2006.33333333
953,954,a,a,390.0,2.0,2013.0,1,10.0,2014.0,"Jan,Apr,Jul,Oct",2013.16666667
954,955,d,c,1690.0,7.0,2009.0,1,36.0,2013.0,"Mar,Jun,Sept,Dec",2009.58333333
955,956,a,a,2330.0,10.0,2014.0,1,18.0,2011.0,"Feb,May,Aug,Nov",2014.83333333
956,957,d,c,1420.0,11.0,2012.0,0,,,,2012.91666667
957,958,a,a,440.0,11.0,2013.0,0,,,,2013.91666667
958,959,a,c,1060.0,12.0,2005.0,0,,,,2006.0
959,960,d,a,8990.0,7.0,2008.0,1,31.0,2009.0,"Feb,May,Aug,Nov",2008.58333333
960,961,d,c,9430.0,7.0,2008.0,0,,,,2008.58333333
961,962,c,a,260.0,7.0,2008.0,0,,,,2008.58333333
962,963,a,c,23620.0,11.0,2013.0,0,,,,2013.91666667
963,964,a,a,270.0,7.0,2008.0,1,5.0,2013.0,"Feb,May,Aug,Nov",2008.58333333
964,965,a,c,110.0,7.0,2008.0,0,,,,2008.58333333
965,966,a,a,760.0,2.0,2008.0,0,,,,2008.16666667
966,967,a,c,3560.0,9.0,2013.0,1,36.0,2013.0,"Jan,Apr,Jul,Oct",2013.75
967,968,c,a,1190.0,7.0,2008.0,0,,,,2008.58333333
968,969,a,c,600.0,11.0,1999.0,1,10.0,2013.0,"Jan,Apr,Jul,Oct",1999.91666667
969,970,a,a,910.0,12.0,2014.0,1,37.0,2009.0,"Jan,Apr,Jul,Oct",2015.0
970,971,c,a,1140.0,5.0,2011.0,1,14.0,2012.0,"Mar,Jun,Sept,Dec",2011.41666667
971,972,a,a,14960.0,7.0,2008.0,0,,,,2008.58333333
972,973,d,c,330.0,7.0,2008.0,1,28.0,2012.0,"Jan,Apr,Jul,Oct",2008.58333333
973,974,a,a,150.0,3.0,2011.0,1,40.0,2014.0,"Jan,Apr,Jul,Oct",2011.25
974,975,a,c,9630.0,7.0,2008.0,1,14.0,2011.0,"Jan,Apr,Jul,Oct",2008.58333333
975,976,a,a,4180.0,7.0,2008.0,0,,,,2008.58333333
976,977,a,a,520.0,9.0,2005.0,1,13.0,2010.0,"Jan,Apr,Jul,Oct",2005.75
977,978,c,c,3890.0,7.0,2008.0,0,,,,2008.58333333
978,979,a,c,2270.0,11.0,2005.0,1,14.0,2011.0,"Jan,Apr,Jul,Oct",2005.91666667
979,980,a,a,4420.0,9.0,2005.0,0,,,,2005.75
980,981,d,c,2620.0,11.0,2002.0,0,,,,2002.91666667
981,982,d,a,21930.0,7.0,2008.0,0,,,,2008.58333333
982,983,a,a,40.0,3.0,2014.0,1,1.0,2014.0,"Jan,Apr,Jul,Oct",2014.25
983,984,c,a,440.0,7.0,2008.0,1,1.0,2013.0,"Jan,Apr,Jul,Oct",2008.58333333
984,985,c,c,490.0,5.0,2007.0,1,13.0,2010.0,"Jan,Apr,Jul,Oct",2007.41666667
985,986,a,a,620.0,10.0,2014.0,1,18.0,2014.0,"Feb,May,Aug,Nov",2014.83333333
986,987,c,a,1690.0,6.0,2007.0,0,,,,2007.5
987,988,a,a,30.0,11.0,2012.0,0,,,,2012.91666667
988,989,a,a,1640.0,6.0,2006.0,1,40.0,2011.0,"Jan,Apr,Jul,Oct",2006.5
989,990,d,a,20930.0,7.0,2008.0,0,,,,2008.58333333
990,991,a,a,1010.0,7.0,2008.0,0,,,,2008.58333333
991,992,a,a,2480.0,7.0,1990.0,0,,,,1990.58333333
992,993,d,c,3460.0,10.0,2013.0,1,10.0,2014.0,"Jan,Apr,Jul,Oct",2013.83333333
993,994,a,a,2290.0,7.0,2011.0,1,1.0,2012.0,"Jan,Apr,Jul,Oct",2011.58333333
994,995,d,a,6560.0,12.0,2013.0,0,,,,2014.0
995,996,c,a,2870.0,7.0,2015.0,1,13.0,2010.0,"Jan,Apr,Jul,Oct",2015.58333333
996,997,d,c,5840.0,7.0,2010.0,1,37.0,2009.0,"Jan,Apr,Jul,Oct",2010.58333333
997,998,a,a,780.0,9.0,2005.0,1,5.0,2013.0,"Feb,May,Aug,Nov",2005.75
998,999,d,c,15140.0,2.0,2002.0,1,37.0,2009.0,"Jan,Apr,Jul,Oct",2002.16666667
999,1000,a,c,2230.0,5.0,2009.0,1,40.0,2014.0,"Jan,Apr,Jul,Oct",2009.41666667
1000,1001,c,a,19640.0,7.0,2008.0,1,14.0,2011.0,"Jan,Apr,Jul,Oct",2008.58333333
1001,1002,d,c,1130.0,11.0,2008.0,0,,,,2008.91666667
1002,1003,a,a,170.0,7.0,2013.0,1,27.0,2013.0,"Jan,Apr,Jul,Oct",2013.58333333
1003,1004,d,c,970.0,7.0,2008.0,1,9.0,2011.0,"Mar,Jun,Sept,Dec",2008.58333333
1004,1005,a,a,6480.0,7.0,2008.0,0,,,,2008.58333333
1005,1006,c,c,3890.0,11.0,2006.0,1,5.0,2013.0,"Feb,May,Aug,Nov",2006.91666667
1006,1007,c,c,4180.0,9.0,2012.0,0,,,,2012.75
1007,1008,a,c,30.0,9.0,2010.0,0,,,,2010.75
1008,1009,a,a,230.0,7.0,2004.0,1,10.0,2014.0,"Jan,Apr,Jul,Oct",2004.58333333
1009,1010,d,c,4610.0,6.0,2010.0,1,18.0,2010.0,"Feb,May,Aug,Nov",2010.5
1010,1011,a,c,490.0,9.0,2012.0,1,18.0,2011.0,"Feb,May,Aug,Nov",2012.75
1011,1012,d,c,6330.0,6.0,2004.0,1,39.0,2010.0,"Jan,Apr,Jul,Oct",2004.5
1012,1013,a,a,630.0,2.0,2015.0,1,31.0,2013.0,"Feb,May,Aug,Nov",2015.16666667
1013,1014,a,c,210.0,7.0,2008.0,1,31.0,2013.0,"Jan,Apr,Jul,Oct",2008.58333333
1014,1015,d,c,9910.0,12.0,2010.0,1,9.0,2011.0,"Mar,Jun,Sept,Dec",2011.0
1015,1016,c,c,550.0,7.0,2008.0,1,35.0,2010.0,"Mar,Jun,Sept,Dec",2008.58333333
1016,1017,c,a,110.0,11.0,2008.0,0,,,,2008.91666667
1017,1018,c,c,140.0,9.0,2012.0,0,,,,2012.75
1018,1019,d,c,2740.0,7.0,2014.0,1,13.0,2010.0,"Jan,Apr,Jul,Oct",2014.58333333
1019,1020,a,a,40.0,8.0,2015.0,0,,,,2015.66666667
1020,1021,a,a,1080.0,5.0,2011.0,0,,,,2011.41666667
1021,1022,a,c,1520.0,7.0,2008.0,0,,,,2008.58333333
1022,1023,c,a,3740.0,2.0,2002.0,1,14.0,2011.0,"Jan,Apr,Jul,Oct",2002.16666667
1023,1024,c,c,1990.0,1.0,2012.0,0,,,,2012.08333333
1024,1025,a,a,720.0,11.0,2009.0,0,,,,2009.91666667
1025,1026,c,a,450.0,6.0,2011.0,1,48.0,2012.0,"Mar,Jun,Sept,Dec",2011.5
1026,1027,a,c,190.0,6.0,2008.0,1,40.0,2011.0,"Jan,Apr,Jul,Oct",2008.5
1027,1028,a,a,150.0,7.0,2008.0,1,31.0,2013.0,"Jan,Apr,Jul,Oct",2008.58333333
1028,1029,a,a,1590.0,3.0,2006.0,0,,,,2006.25
1029,1030,a,a,36410.0,4.0,2008.0,0,,,,2008.33333333
1030,1031,d,a,590.0,5.0,2001.0,0,,,,2001.41666667
1031,1032,d,c,270.0,2.0,2013.0,1,40.0,2012.0,"Jan,Apr,Jul,Oct",2013.16666667
1032,1033,a,a,7680.0,3.0,2006.0,0,,,,2006.25
1033,1034,a,a,13750.0,4.0,2015.0,0,,,,2015.33333333
1034,1035,a,a,27150.0,7.0,2008.0,0,,,,2008.58333333
1035,1036,d,c,9560.0,7.0,2008.0,1,36.0,2013.0,"Jan,Apr,Jul,Oct",2008.58333333
1036,1037,a,c,150.0,7.0,2008.0,0,,,,2008.58333333
1037,1038,d,a,17290.0,10.0,2013.0,0,,,,2013.83333333
1038,1039,a,c,70.0,6.0,1990.0,1,22.0,2012.0,"Mar,Jun,Sept,Dec",1990.5
1039,1040,a,a,4030.0,2.0,2013.0,1,10.0,2014.0,"Jan,Apr,Jul,Oct",2013.16666667
1040,1041,c,a,1600.0,8.0,2013.0,1,40.0,2014.0,"Jan,Apr,Jul,Oct",2013.66666667
1041,1042,a,a,3440.0,7.0,2008.0,1,31.0,2013.0,"Feb,May,Aug,Nov",2008.58333333
1042,1043,c,a,420.0,3.0,2006.0,0,,,,2006.25
1043,1044,c,a,240.0,4.0,2015.0,1,13.0,2010.0,"Jan,Apr,Jul,Oct",2015.33333333
1044,1045,a,c,26990.0,12.0,2013.0,0,,,,2014.0
1045,1046,d,c,29070.0,4.0,2005.0,0,,,,2005.33333333
1046,1047,a,a,3750.0,7.0,2008.0,1,45.0,2009.0,"Feb,May,Aug,Nov",2008.58333333
1047,1048,d,c,1860.0,9.0,2012.0,1,40.0,2012.0,"Jan,Apr,Jul,Oct",2012.75
1048,1049,a,a,370.0,7.0,2012.0,1,14.0,2011.0,"Jan,Apr,Jul,Oct",2012.58333333
1049,1050,d,c,13170.0,8.0,2014.0,1,9.0,2011.0,"Mar,Jun,Sept,Dec",2014.66666667
1050,1051,c,a,200.0,7.0,1998.0,1,1.0,2012.0,"Jan,Apr,Jul,Oct",1998.58333333
1051,1052,a,c,5080.0,7.0,2008.0,1,31.0,2013.0,"Feb,May,Aug,Nov",2008.58333333
1052,1053,a,a,1710.0,7.0,2015.0,0,,,,2015.58333333
1053,1054,a,c,13190.0,7.0,2008.0,1,45.0,2013.0,"Feb,May,Aug,Nov",2008.58333333
1054,1055,c,a,1980.0,4.0,2009.0,0,,,,2009.33333333
1055,1056,d,c,5350.0,7.0,2008.0,1,40.0,2012.0,"Jan,Apr,Jul,Oct",2008.58333333
1056,1057,d,c,3230.0,11.0,2011.0,0,,,,2011.91666667
1057,1058,a,c,180.0,7.0,2008.0,1,35.0,2010.0,"Mar,Jun,Sept,Dec",2008.58333333
1058,1059,c,a,3380.0,4.0,2013.0,0,,,,2013.33333333
1059,1060,a,c,3430.0,7.0,2008.0,1,31.0,2013.0,"Feb,May,Aug,Nov",2008.58333333
1060,1061,d,c,8110.0,7.0,2008.0,0,,,,2008.58333333
1061,1062,d,a,190.0,9.0,2012.0,1,40.0,2012.0,"Feb,May,Aug,Nov",2012.75
1062,1063,a,c,6250.0,7.0,2008.0,0,,,,2008.58333333
1063,1064,a,c,420.0,7.0,2008.0,0,,,,2008.58333333
1064,1065,a,a,1290.0,7.0,2008.0,1,35.0,2011.0,"Mar,Jun,Sept,Dec",2008.58333333
1065,1066,a,a,3350.0,7.0,2008.0,0,,,,2008.58333333
1066,1067,d,c,12020.0,7.0,2009.0,0,,,,2009.58333333
1067,1068,d,c,5010.0,7.0,2008.0,1,5.0,2013.0,"Jan,Apr,Jul,Oct",2008.58333333
1068,1069,a,c,18050.0,7.0,2008.0,1,14.0,2011.0,"Jan,Apr,Jul,Oct",2008.58333333
1069,1070,c,c,400.0,10.0,2008.0,0,,,,2008.83333333
1070,1071,a,a,820.0,3.0,2012.0,1,35.0,2012.0,"Mar,Jun,Sept,Dec",2012.25
1071,1072,a,c,5380.0,8.0,2015.0,1,5.0,2010.0,"Feb,May,Aug,Nov",2015.66666667
1072,1073,a,c,1710.0,7.0,2008.0,1,44.0,2012.0,"Jan,Apr,Jul,Oct",2008.58333333
1073,1074,c,c,3330.0,10.0,2001.0,1,14.0,2011.0,"Jan,Apr,Jul,Oct",2001.83333333
1074,1075,a,c,1410.0,10.0,2013.0,0,,,,2013.83333333
1075,1076,a,c,90.0,7.0,2008.0,1,1.0,2013.0,"Jan,Apr,Jul,Oct",2008.58333333
1076,1077,a,a,3750.0,11.0,2001.0,1,35.0,2010.0,"Mar,Jun,Sept,Dec",2001.91666667
1077,1078,d,c,670.0,7.0,2008.0,1,40.0,2011.0,"Jan,Apr,Jul,Oct",2008.58333333
1078,1079,a,a,16680.0,7.0,2008.0,1,37.0,2009.0,"Jan,Apr,Jul,Oct",2008.58333333
1079,1080,a,a,2410.0,7.0,2008.0,1,40.0,2014.0,"Jan,Apr,Jul,Oct",2008.58333333
1080,1081,b,a,400.0,3.0,2006.0,0,,,,2006.25
1081,1082,c,a,440.0,4.0,2002.0,0,,,,2002.33333333
1082,1083,d,c,11540.0,7.0,2008.0,1,5.0,2013.0,"Feb,May,Aug,Nov",2008.58333333
1083,1084,a,a,190.0,7.0,2008.0,1,13.0,2010.0,"Jan,Apr,Jul,Oct",2008.58333333
1084,1085,c,a,4030.0,2.0,2015.0,0,,,,2015.16666667
1085,1086,a,a,180.0,11.0,2013.0,1,18.0,2011.0,"Feb,May,Aug,Nov",2013.91666667
1086,1087,d,c,2210.0,11.0,2011.0,0,,,,2011.91666667
1087,1088,a,a,4300.0,3.0,2009.0,1,27.0,2013.0,"Jan,Apr,Jul,Oct",2009.25
1088,1089,d,a,5220.0,5.0,2009.0,0,,,,2009.41666667
1089,1090,a,a,330.0,7.0,2008.0,1,14.0,2011.0,"Jan,Apr,Jul,Oct",2008.58333333
1090,1091,a,c,9990.0,7.0,2008.0,0,,,,2008.58333333
1091,1092,a,a,300.0,7.0,2000.0,1,40.0,2014.0,"Jan,Apr,Jul,Oct",2000.58333333
1092,1093,c,c,10450.0,6.0,2009.0,0,,,,2009.5
1093,1094,d,a,2380.0,3.0,2013.0,1,40.0,2014.0,"Jan,Apr,Jul,Oct",2013.25
1094,1095,a,a,690.0,6.0,2007.0,1,14.0,2011.0,"Jan,Apr,Jul,Oct",2007.5
1095,1096,a,c,1130.0,7.0,2008.0,1,10.0,2014.0,"Mar,Jun,Sept,Dec",2008.58333333
1096,1097,b,b,720.0,3.0,2002.0,0,,,,2002.25
1097,1098,a,a,1830.0,11.0,2004.0,0,,,,2004.91666667
1098,1099,a,c,200.0,4.0,2013.0,1,14.0,2013.0,"Jan,Apr,Jul,Oct",2013.33333333
1099,1100,a,a,540.0,7.0,2008.0,1,14.0,2011.0,"Jan,Apr,Jul,Oct",2008.58333333
1100,1101,d,c,4060.0,9.0,2012.0,0,,,,2012.75
1101,1102,a,a,850.0,11.0,2012.0,1,40.0,2014.0,"Jan,Apr,Jul,Oct",2012.91666667
1102,1103,d,c,1340.0,10.0,2006.0,1,5.0,2013.0,"Feb,May,Aug,Nov",2006.83333333
1103,1104,d,a,260.0,2.0,2012.0,1,14.0,2011.0,"Jan,Apr,Jul,Oct",2012.16666667
1104,1105,c,c,330.0,11.0,2008.0,1,5.0,2013.0,"Feb,May,Aug,Nov",2008.91666667
1105,1106,a,c,5330.0,9.0,2011.0,1,31.0,2013.0,"Jan,Apr,Jul,Oct",2011.75
1106,1107,a,a,1400.0,6.0,2012.0,1,13.0,2010.0,"Jan,Apr,Jul,Oct",2012.5
1107,1108,a,a,540.0,4.0,2004.0,0,,,,2004.33333333
1108,1109,c,a,3490.0,4.0,2011.0,1,22.0,2012.0,"Jan,Apr,Jul,Oct",2011.33333333
1109,1110,c,c,900.0,9.0,2010.0,0,,,,2010.75
1110,1111,a,a,1900.0,6.0,2014.0,1,31.0,2013.0,"Jan,Apr,Jul,Oct",2014.5
1111,1112,c,c,1880.0,4.0,2006.0,0,,,,2006.33333333
1112,1113,a,c,9260.0,7.0,2008.0,0,,,,2008.58333333
1113,1114,a,c,870.0,7.0,2008.0,0,,,,2008.58333333
1114,1115,d,c,5350.0,7.0,2008.0,1,22.0,2012.0,"Mar,Jun,Sept,Dec",2008.58333333
